Timestamp,Flag,Gender,2. In which medium did you study in School/College?,"3. What is your educational qualification?		","4. What is your nationality?	",5. Mention your religion:,6. How many members do you have in your family?,7. How is your relationship with your family members?,8.  What is the range of you Family Income?,9. Amount of money your parent(s) give you daily?,10. Is there any addiction in your family of origin?,11. How many friends do you have?,12. Most of your friends belong to :,13. Do you often stay at friendâ€™s house?,14. Do you borrow money from your friends?,15. What is your marital / relationship status?,16. Have you ever broken up?,17. Do you like to stay out at night? ,18. Do you live with someone who has a habit of using alcohol / substance*?,19. With whom do you like to spend most of your time?,Occupation,"21. If you have a job / business, what is the range of your monthly average income?",22. Do you have any type of illegal income?,23. Do you face any problem in workplace / education?,"23(A). If yes, do you face any of the following problems?","24. Do you occasionally feel sick or weak?	",25. Do you have any of the following diseases that are causing disruption in your life?,26. Do you think you have failed in your life? (Think yourself worthless),"27.A) Depression, sorrow and hopelessness","27.B) Anxiety, unnecessarily feeling irritated","27.C) Hallucinations, see imaginary things, hear voices",27.D) Lack of attention/ memorization problem,"28.A)Depression, sorrow and hopelessness","28.B) Anxiety, unnecessarily feeling irritated","28.C) Hallucinations, see imaginary things, hear voices",28.D) Lack of attention/ memorization problem,29. Does anyone of your family have mental health related issues?,30. Do you ever have suicidal thoughts?,31. Have you ever attempted to commit suicide?,"32. Do you find it difficult to maintain routine? (For example, Daily sleeping early, eating breakfast timely, attending regular work etc.)",Substance use,Stimulant,"34.B) Sedative (Sleeping Pills, Alcohol)","34.C) Depressant (Heroin, Fencidil)","34.D) Hallucinogen (LSD, Piot)",34.D) Others (Cannabis etc.),"35. In your childhood, did any of your family members use substance?",Age,37. Have you ever hurt anyone or yourself due to anger or losing self-control?,38. Have you ever consulted any doctor for using any substance / alcohol?,Smoking,40. How many of your friends smoke?,41. Do your friends influence you to engage in drug / smoke?,Withdrawal symptoms,Fail to fulfill familial duties,44. Have you ever taken money from your parents without letting them know?,Arrested,46. Is there any case/lawsuit going on court against you?,Arrested for keeping drug,48. Have you ever been arrested for selling or dealing drug/substance?,ID,Rehab
4/24/2019 14:31,0,0,0,3,0,1,1,0,1,2,0,2,4,0,0,0,2,0,0,2,2,0,0,0,0,1,4,1,1,0,0,0,1,1,0,1,0,0,0,1,0,0,0,0,0,0,0,3,0,0,0,1,0,0,0,1,0,0,0,0,1200,0
4/24/2019 14:33,0,0,0,3,0,1,1,0,0,0,0,2,3,1,0,0,1,0,0,0,2,4,0,1,1,0,4,1,1,0,0,0,1,1,0,1,0,0,0,1,0,0,0,0,0,0,0,0,1,0,0,2,0,0,0,0,0,0,0,0,1201,0
4/24/2019 14:41,0,0,0,2,0,1,0,0,1,2,0,2,3,1,2,0,2,1,0,0,2,4,0,0,0,1,0,0,1,0,0,0,1,1,0,1,0,0,0,1,0,0,0,0,0,0,0,0,1,0,0,2,0,0,0,0,0,0,0,0,1202,0
4/24/2019 14:41,0,1,0,3,0,1,0,0,1,3,0,1,3,1,2,0,0,1,0,2,0,1,0,0,0,1,4,1,1,0,0,0,1,1,0,1,0,1,0,1,1,0,1,0,0,0,0,2,0,1,0,2,0,0,0,1,0,0,0,0,1203,0
4/24/2019 14:46,0,0,0,3,0,1,1,0,2,2,0,2,3,1,2,0,0,0,0,2,2,3,0,1,1,1,4,1,1,0,0,0,1,1,0,0,0,1,0,1,0,0,0,0,0,0,0,0,1,0,0,2,0,0,0,1,0,0,0,0,1204,0
4/24/2019 14:49,0,0,0,3,0,1,1,0,1,2,0,1,3,1,2,0,0,1,0,1,2,4,0,1,3,0,0,1,1,1,0,1,1,1,0,1,0,1,0,1,0,0,0,0,0,0,0,0,1,0,0,2,0,0,0,0,0,0,0,0,1205,0
4/24/2019 14:51,0,1,1,3,0,1,0,0,1,0,0,1,1,0,0,0,1,0,0,2,2,0,0,0,0,1,0,0,1,1,1,0,1,1,0,1,0,1,1,1,0,0,0,0,0,0,0,0,1,0,0,1,0,0,0,0,0,0,0,0,1206,0
4/24/2019 14:55,0,0,0,3,0,1,1,2,0,3,0,0,1,1,0,0,0,1,1,2,0,1,0,1,1,1,4,1,1,1,1,1,1,1,0,1,0,1,1,1,1,0,1,0,0,0,0,2,1,0,0,1,1,0,1,0,0,0,0,0,1207,0
4/24/2019 14:56,0,0,1,2,0,0,0,0,1,2,0,1,3,1,0,0,2,0,0,2,2,0,0,0,3,1,4,1,1,1,0,0,1,1,0,0,0,1,0,0,1,0,1,0,0,0,0,2,1,0,0,2,0,0,0,0,0,0,0,0,1208,0
4/24/2019 14:57,0,0,1,3,0,1,0,0,0,1,0,2,4,0,2,0,2,0,0,2,2,0,0,0,0,0,4,0,1,0,0,0,0,0,0,0,0,0,0,0,1,0,0,0,0,0,0,0,1,0,0,2,0,0,0,0,0,0,0,0,1209,0
4/24/2019 14:59,0,0,0,3,0,1,1,0,1,3,0,2,3,1,2,0,2,1,1,1,2,3,0,0,0,0,0,0,0,1,0,0,0,0,0,1,0,0,0,1,1,0,0,0,0,0,0,0,0,0,1,2,0,0,0,0,0,0,0,0,1210,0
4/24/2019 15:11,0,0,0,3,0,1,0,0,2,3,0,2,3,0,0,0,0,0,0,2,0,2,0,0,0,0,4,1,1,0,0,0,1,0,0,0,0,0,0,0,1,0,1,0,0,0,0,2,1,0,0,1,0,0,0,0,0,0,0,0,1211,0
4/24/2019 15:13,0,0,1,3,0,1,0,0,1,1,1,2,3,1,2,0,0,1,1,1,2,1,1,0,4,1,4,0,1,0,0,0,0,1,0,0,1,0,0,1,1,0,0,1,0,0,0,1,0,0,2,2,0,2,0,0,0,0,0,1,1212,0
4/24/2019 15:14,0,0,0,3,0,0,1,0,1,1,0,1,3,1,2,0,0,0,0,0,2,0,0,1,1,1,0,1,1,0,0,0,1,1,0,1,0,0,0,1,1,0,1,0,0,0,0,2,1,1,2,1,0,2,1,0,0,0,0,0,1213,0
4/24/2019 15:16,0,0,1,3,0,1,0,1,1,3,0,2,3,0,2,0,0,0,0,1,2,1,0,1,3,0,0,0,1,0,0,0,1,0,0,0,0,0,0,1,1,1,1,1,0,0,0,1,0,0,1,1,1,0,1,1,1,0,0,0,1214,0
4/24/2019 15:17,0,0,1,3,0,1,0,1,1,3,0,2,3,1,2,0,0,1,0,1,2,3,0,1,1,0,4,0,1,1,1,0,1,0,0,0,0,1,0,1,1,0,0,0,0,0,0,0,1,0,0,2,0,0,0,1,0,0,0,0,1215,0
4/24/2019 15:17,0,0,0,3,0,0,0,2,0,3,0,2,3,2,2,0,0,1,0,2,2,1,0,0,0,0,0,1,0,0,1,0,1,0,0,0,0,1,0,1,0,0,0,0,0,0,0,0,1,0,1,1,0,0,0,0,0,0,0,0,1216,0
4/24/2019 15:18,0,0,0,2,0,1,1,0,1,2,0,1,3,1,0,0,0,1,0,0,2,0,0,0,0,0,4,0,1,0,0,0,1,0,0,0,0,0,0,1,1,0,1,0,0,0,0,1,0,0,1,1,0,0,0,0,0,0,0,0,1217,0
4/24/2019 15:20,0,0,0,3,0,1,1,0,0,3,0,2,3,1,2,0,2,1,1,1,0,2,0,0,0,0,0,0,0,1,0,0,0,0,0,0,1,0,0,0,1,1,1,1,0,0,0,1,0,0,1,1,0,2,0,0,0,0,0,0,1218,0
4/24/2019 15:22,0,0,0,3,0,1,0,0,1,3,0,2,3,1,0,0,2,1,0,1,3,4,0,0,0,0,0,0,0,0,0,1,0,0,0,0,0,0,0,1,1,0,1,0,0,0,0,2,1,0,1,1,1,2,0,1,0,0,0,0,1219,0
4/24/2019 15:22,0,0,0,3,0,1,0,0,1,1,0,1,3,1,2,0,0,0,0,0,2,4,0,0,0,1,0,0,0,1,1,0,1,1,0,1,0,0,0,1,0,0,0,0,0,0,0,0,0,0,0,1,0,0,0,1,0,0,0,0,1220,0
4/24/2019 15:29,0,0,1,3,0,1,0,0,1,2,0,1,3,1,2,0,2,1,0,2,2,1,0,1,3,0,4,1,1,1,0,1,1,1,0,1,0,0,0,1,1,0,1,0,0,1,0,1,0,0,2,1,1,0,1,0,0,0,0,0,1221,0
4/24/2019 15:34,0,1,0,2,0,1,1,0,1,2,0,0,5,0,0,0,1,0,0,0,3,0,0,1,4,1,4,1,1,1,1,1,1,1,0,1,0,1,0,1,0,0,0,0,0,1,0,3,1,0,0,1,0,0,0,1,0,0,0,0,1222,0
4/24/2019 15:35,0,0,0,3,0,1,1,0,2,2,0,2,3,1,2,0,1,1,0,1,2,4,0,1,1,0,0,0,1,0,0,0,1,0,0,0,0,0,0,0,1,0,0,0,0,1,0,0,1,0,0,2,0,0,0,0,1,0,0,0,1223,0
4/24/2019 15:44,0,1,0,3,0,0,1,0,1,1,0,1,4,0,0,0,2,0,0,1,2,4,0,0,0,0,0,1,0,1,0,0,0,1,0,0,0,0,0,1,0,0,0,0,0,0,0,2,1,0,0,2,0,0,1,0,0,0,0,0,1224,0
4/24/2019 15:58,0,0,0,2,0,1,1,0,1,1,0,2,3,1,2,0,0,1,0,1,2,4,0,1,1,1,4,1,1,1,1,0,1,1,0,1,0,0,0,1,0,0,0,0,0,0,0,0,0,0,1,1,0,0,0,0,0,0,0,0,1225,0
4/24/2019 15:59,0,0,1,3,0,1,0,0,0,3,0,1,3,0,2,0,0,0,1,0,0,1,0,0,0,1,0,0,0,1,0,1,1,1,0,0,0,0,0,0,0,0,0,0,0,0,0,0,1,0,1,1,0,0,0,1,0,0,0,0,1226,0
4/24/2019 16:00,0,0,0,2,0,1,0,0,1,2,0,1,3,1,2,0,0,0,1,1,2,4,0,0,0,1,0,0,1,0,0,0,1,0,0,0,0,1,0,1,0,0,0,0,0,0,0,0,0,0,0,1,0,0,0,1,0,0,0,0,1227,0
4/24/2019 16:22,0,0,0,3,0,1,0,0,0,0,0,2,9,1,2,0,1,1,1,2,2,0,0,0,0,0,0,1,0,1,0,0,1,0,0,0,0,0,0,0,1,0,1,0,0,1,0,1,0,0,1,1,1,0,0,1,0,0,0,0,1228,0
4/24/2019 16:42,0,0,1,3,0,1,1,0,1,3,0,1,3,1,2,0,2,1,0,0,0,2,0,0,0,0,0,0,1,1,0,0,0,0,0,0,0,0,0,0,0,0,0,0,0,0,1,0,1,0,0,1,0,0,0,0,0,0,0,0,1229,0
4/24/2019 16:42,0,1,0,3,0,1,0,0,1,1,1,1,1,0,0,0,0,0,0,0,2,0,0,1,1,1,4,1,1,1,1,1,1,1,0,1,0,1,1,0,0,0,0,1,0,0,0,2,1,0,0,2,0,0,0,0,0,0,0,0,1230,0
4/24/2019 16:43,0,0,0,3,0,0,0,0,1,1,0,2,3,1,0,0,0,0,0,2,2,2,0,0,3,0,4,0,0,0,0,1,0,0,0,1,0,0,0,1,0,0,0,0,0,1,0,0,1,0,2,2,0,0,0,0,0,0,0,0,1231,0
4/24/2019 16:51,0,1,0,3,0,1,0,2,0,2,0,1,3,0,0,0,0,0,0,1,2,0,0,0,0,1,4,0,1,1,0,0,1,1,0,1,1,1,0,0,0,0,0,0,0,0,1,0,1,1,0,2,0,0,0,0,0,0,0,0,1232,0
4/24/2019 16:55,0,0,0,3,0,1,0,0,1,2,0,2,9,1,0,0,0,1,0,0,2,4,0,1,3,0,4,0,1,1,0,0,0,1,0,0,0,0,0,0,1,0,1,0,0,0,0,1,0,0,1,2,0,0,0,0,0,0,0,0,1233,0
4/24/2019 17:12,0,0,0,3,0,1,0,0,1,3,0,2,3,1,0,0,2,0,0,0,2,4,0,0,0,0,0,0,1,1,0,0,1,0,0,0,0,0,0,1,0,0,0,0,0,0,0,0,1,0,0,2,0,0,0,1,0,0,0,0,1234,0
4/24/2019 17:13,0,0,0,2,0,1,1,0,2,3,0,2,3,0,2,0,2,0,0,1,2,4,0,0,0,0,0,0,1,0,0,0,1,0,0,0,0,0,0,0,0,0,0,0,0,0,0,0,0,0,0,0,0,0,0,1,0,0,0,0,1235,0
4/24/2019 17:22,0,1,0,2,0,1,1,0,2,3,0,2,3,0,2,0,2,0,0,0,2,4,0,1,3,1,0,0,0,1,0,0,1,0,0,0,0,0,0,1,0,0,0,0,0,0,0,0,0,0,0,2,0,0,0,0,0,0,0,0,1246,0
4/24/2019 17:26,0,1,0,3,0,1,1,0,1,2,0,1,3,0,2,1,0,0,0,0,2,4,0,0,0,0,4,0,1,0,0,0,1,0,0,0,0,0,0,1,0,0,0,0,0,0,0,0,1,0,0,2,0,0,0,0,0,0,0,0,1237,0
4/24/2019 17:37,0,0,0,2,0,1,0,0,1,3,0,1,3,1,0,0,1,0,0,2,2,0,0,1,1,1,4,1,1,1,1,1,1,1,1,1,0,1,0,0,1,0,1,0,0,1,0,2,1,0,2,2,0,0,0,0,0,0,0,0,1238,0
4/24/2019 17:42,0,0,0,3,0,1,1,0,1,2,0,1,4,0,2,0,0,0,0,0,2,3,0,1,1,1,4,1,1,1,0,0,1,1,0,0,0,0,0,1,0,0,0,0,0,0,0,0,1,0,0,1,0,0,0,1,0,0,0,0,1239,0
4/24/2019 18:23,0,1,0,3,0,1,1,0,2,3,0,2,4,0,2,0,2,0,0,1,2,0,0,0,3,1,4,0,0,1,0,0,1,1,0,1,0,0,0,1,0,0,0,0,0,0,0,0,0,0,0,1,0,0,0,0,0,0,0,0,1240,0
4/24/2019 18:28,0,1,0,3,0,1,1,0,2,3,0,2,4,1,2,0,2,0,0,1,2,0,0,0,0,1,4,0,1,1,0,0,1,1,0,0,0,0,0,1,0,0,0,0,0,1,0,0,0,0,0,1,0,0,0,0,0,0,0,0,1241,0
4/24/2019 18:56,0,0,1,3,0,1,1,0,0,1,0,2,1,2,2,0,0,1,0,1,1,2,0,0,1,0,4,0,0,1,0,0,0,0,1,0,1,0,1,0,1,0,1,0,0,0,0,1,1,0,2,1,0,2,0,1,0,0,0,1,1242,0
4/24/2019 22:11,0,0,1,3,0,1,1,0,2,2,0,1,3,0,0,0,0,0,0,2,2,4,0,1,1,0,4,1,1,1,0,0,1,1,0,1,0,0,0,1,0,0,0,0,0,0,0,0,1,0,0,2,1,0,0,0,0,0,0,0,1243,0
4/24/2019 22:43,0,0,1,3,0,1,1,1,2,2,0,1,3,1,1,0,0,1,1,0,2,0,0,1,4,1,0,1,1,1,1,1,1,0,0,1,1,1,0,0,1,1,1,1,1,1,0,2,0,0,2,1,1,0,0,1,0,0,0,0,1244,0
4/24/2019 22:50,0,1,1,2,0,1,0,0,1,2,0,2,3,0,0,0,2,1,0,0,2,4,0,1,1,1,0,1,0,1,1,0,1,1,0,1,0,0,0,1,0,0,0,0,0,0,0,0,0,0,0,2,0,0,0,0,0,0,0,0,1245,0
4/24/2019 23:09,0,1,0,3,0,1,0,0,2,1,0,2,3,1,0,0,0,0,0,0,2,3,0,0,0,1,4,1,0,0,1,0,0,0,0,0,0,1,1,1,1,0,0,0,0,0,0,0,0,0,0,0,0,0,0,0,0,0,0,0,1246,0
4/24/2019 23:14,0,0,0,3,0,1,0,0,0,3,0,1,3,1,0,0,2,0,0,2,2,1,0,1,4,1,4,1,0,1,1,0,1,1,0,1,0,0,0,1,1,0,1,0,0,0,0,3,1,0,0,2,0,0,0,1,0,0,0,0,1247,0
4/24/2019 23:24,0,0,0,3,0,1,1,0,0,1,0,2,1,1,2,0,1,1,1,0,2,3,0,1,0,0,0,0,0,0,0,1,0,0,0,0,0,0,0,1,0,0,0,0,0,0,0,1,0,0,1,1,1,0,0,0,0,0,0,0,1248,0
4/24/2019 23:34,0,0,0,3,0,1,1,0,1,2,0,2,1,0,0,0,2,1,0,2,2,3,0,0,0,0,0,0,1,1,1,0,0,1,0,1,0,0,0,1,0,0,0,0,0,0,0,0,1,0,0,1,0,0,0,0,0,0,0,0,1249,0
4/25/2019 12:23,0,0,0,3,0,1,0,0,0,3,0,2,3,1,0,1,2,0,0,2,0,3,0,0,3,0,4,0,0,1,0,0,0,1,0,0,0,0,0,0,0,0,0,0,0,1,0,0,1,0,0,2,0,0,0,0,0,0,0,0,1250,0
4/27/2019 19:26,0,0,1,2,0,1,0,0,0,1,0,2,3,1,2,0,0,0,0,1,2,1,0,1,4,1,0,0,0,1,0,0,0,0,0,0,0,0,0,1,0,0,0,0,0,0,0,0,1,0,0,1,0,0,0,1,0,0,0,0,1251,0
4/28/2019 20:29,0,0,0,1,0,1,1,0,2,1,0,2,3,0,0,0,2,0,0,0,2,4,0,0,0,1,0,0,0,0,0,1,0,0,0,0,0,0,0,1,0,0,0,0,0,0,0,0,0,0,0,2,0,0,0,0,0,0,0,0,1253,0
4/28/2019 20:37,0,0,0,1,0,1,1,0,3,2,0,2,3,1,2,0,2,0,0,2,2,4,0,1,1,1,0,1,1,1,1,0,1,1,1,1,0,0,0,0,1,0,1,0,0,0,0,0,1,0,0,2,1,0,0,0,0,0,0,0,1254,0
4/28/2019 20:51,0,0,0,1,0,1,1,1,3,2,0,2,3,1,2,0,0,0,0,1,2,4,0,1,1,1,4,0,0,1,0,0,0,0,0,1,0,0,0,1,0,0,0,0,0,0,0,3,0,0,2,2,0,0,0,0,0,0,0,0,1255,0
4/28/2019 20:55,0,0,0,1,0,1,1,0,3,2,0,2,3,1,2,0,2,0,0,1,2,4,0,1,3,1,4,0,0,1,0,0,1,0,0,0,0,0,0,0,0,0,0,0,0,0,0,0,1,0,0,2,0,1,0,0,0,0,0,0,1256,0
5/8/2019 15:15,0,0,0,1,0,1,1,0,2,2,0,2,3,0,2,0,2,0,0,0,2,4,0,0,0,0,4,0,0,0,1,0,0,0,0,1,0,0,0,1,1,0,0,0,0,1,0,0,1,0,0,2,0,0,0,0,0,0,0,0,1301,0
5/8/2019 15:21,0,1,0,1,0,1,1,0,3,3,0,1,3,0,0,1,2,0,0,0,2,4,0,0,3,1,4,0,0,0,0,1,0,0,0,0,0,0,0,0,0,0,0,0,0,0,0,0,0,0,0,0,0,0,0,0,0,0,0,0,1302,0
5/8/2019 15:26,0,1,0,1,0,1,1,1,3,3,0,1,3,0,2,0,1,0,0,0,2,4,0,1,4,1,4,1,0,0,0,0,1,0,0,0,1,0,0,1,0,0,0,0,0,0,0,0,0,0,0,0,0,0,0,0,0,0,0,0,1303,0
5/8/2019 15:30,0,1,0,1,0,1,1,0,3,2,0,1,3,0,0,0,2,0,0,0,2,4,0,0,0,1,4,0,0,0,0,1,0,0,0,0,0,0,0,0,0,0,0,0,0,0,0,0,0,0,0,0,0,0,0,0,0,0,0,0,1304,0
5/8/2019 15:46,0,1,0,1,0,1,1,0,2,2,0,1,3,0,0,0,2,0,0,0,2,4,0,0,0,1,4,0,0,0,0,1,0,0,0,0,0,0,0,1,0,0,0,0,0,0,0,0,0,0,0,0,0,0,0,0,0,0,0,0,1305,0
5/8/2019 15:52,0,0,0,1,0,1,1,0,2,3,0,2,3,0,2,0,2,0,0,1,2,4,0,0,0,0,0,0,0,0,0,0,0,0,0,0,0,0,0,0,0,0,0,0,0,0,0,0,0,0,0,2,0,0,0,1,0,0,0,0,1306,0
5/8/2019 15:59,0,0,0,1,0,1,1,0,3,3,0,1,3,0,2,0,2,0,0,0,2,4,0,1,3,1,4,0,0,0,0,1,0,0,0,0,0,0,0,0,0,0,0,0,0,0,0,0,1,0,0,0,0,0,0,0,0,0,0,0,1307,0
5/8/2019 16:04,0,1,0,1,0,1,1,0,2,2,0,1,3,0,2,0,0,0,0,1,2,4,0,0,0,1,4,0,0,1,0,0,0,1,0,0,0,0,0,0,0,0,0,0,0,0,0,0,1,0,0,0,0,0,0,0,0,0,0,0,1308,0
5/8/2019 16:20,0,1,0,1,0,1,0,0,3,2,0,1,3,0,0,0,2,0,0,0,2,4,0,0,0,1,4,0,0,0,0,1,0,0,0,0,0,0,0,0,0,0,0,0,0,0,0,0,1,0,0,0,0,0,0,0,0,0,0,0,1309,0
5/8/2019 16:24,0,1,0,1,0,1,1,1,1,2,0,1,3,0,2,0,0,0,1,1,2,3,0,0,0,1,4,1,1,1,0,0,1,0,0,0,1,1,1,0,1,0,0,0,0,1,0,3,1,0,2,1,0,0,0,1,0,0,0,0,1310,0
5/12/2019 15:11,0,0,0,1,0,1,1,0,3,3,0,2,3,0,2,0,0,0,0,0,2,4,0,0,0,1,4,0,0,1,0,0,0,0,0,1,0,0,0,1,0,0,0,0,0,0,0,0,1,0,0,2,0,0,0,0,0,0,0,0,1311,0
5/12/2019 15:14,0,1,0,1,0,1,0,0,3,3,0,2,3,0,0,0,0,1,0,2,2,4,0,1,3,1,4,0,0,1,0,0,1,0,0,0,0,0,0,0,0,0,0,1,0,0,0,0,1,0,0,2,0,0,0,0,0,0,0,0,1312,0
5/12/2019 15:17,0,0,0,1,0,1,1,0,3,2,0,2,3,0,0,0,2,0,0,1,2,4,0,0,0,1,4,0,0,0,0,0,0,0,0,0,0,0,0,1,0,0,0,0,0,0,0,0,0,0,0,2,0,0,0,0,0,0,0,0,1313,0
5/12/2019 15:21,0,0,0,1,0,1,1,0,3,3,1,2,3,0,2,0,2,1,1,0,2,0,0,1,3,1,4,0,0,1,0,0,0,0,1,0,0,0,1,1,0,0,1,0,0,0,0,3,0,0,0,1,0,1,0,1,0,0,0,0,1314,0
5/12/2019 15:24,0,0,0,1,0,1,1,0,3,2,0,1,3,0,0,0,1,0,0,0,2,3,0,1,3,1,4,0,0,1,0,0,0,1,0,0,0,0,0,1,0,0,0,0,0,1,0,3,1,0,0,2,0,1,0,1,0,0,0,0,1315,0
5/12/2019 15:27,0,0,0,1,0,0,1,0,3,2,0,1,5,0,0,0,2,0,0,0,2,4,0,0,0,0,4,0,0,0,0,1,0,1,0,0,0,0,0,0,0,0,0,0,0,1,0,1,0,0,0,2,0,0,0,1,0,0,0,0,1316,0
5/12/2019 15:30,0,0,0,1,0,1,0,0,0,3,0,1,3,0,2,0,2,0,0,0,2,3,0,1,3,0,4,0,0,0,0,1,0,1,0,0,0,0,0,0,0,0,0,0,0,1,1,3,0,0,0,2,0,0,0,0,0,0,0,0,1317,0
5/12/2019 15:33,0,0,0,1,0,1,1,0,2,2,0,2,3,0,2,0,2,1,0,1,2,4,0,0,0,1,4,0,0,0,0,0,0,0,0,0,0,0,0,0,0,0,0,0,0,0,0,0,0,0,0,0,0,0,0,0,0,0,0,0,1318,0
5/12/2019 15:36,0,0,0,1,0,1,1,0,2,2,0,2,3,1,2,0,2,0,0,0,2,4,0,0,0,1,4,0,0,1,0,0,0,1,0,0,0,0,0,0,0,0,0,0,0,0,0,0,0,0,0,0,0,1,1,0,0,0,0,0,1319,0
5/12/2019 15:39,0,1,0,1,0,1,0,1,3,3,0,1,3,0,0,0,2,0,0,0,2,4,0,1,4,1,4,0,0,1,0,0,1,0,0,0,0,0,0,0,0,0,0,0,0,0,0,0,1,0,0,0,0,0,0,0,0,0,0,0,1320,0
5/12/2019 15:44,0,0,0,2,0,1,0,0,2,2,0,1,3,0,0,0,2,0,0,2,2,4,0,1,1,1,4,0,1,1,0,0,1,1,0,1,0,1,0,1,1,0,1,0,0,0,0,0,1,0,0,2,0,0,0,1,0,0,0,0,1321,0
5/18/2019 19:27,0,0,0,1,0,0,1,0,3,2,0,1,5,0,2,0,2,0,0,0,2,4,0,1,3,1,4,0,0,0,0,0,0,1,0,0,0,0,0,0,0,0,0,0,0,0,0,0,0,0,0,0,0,0,0,0,0,0,0,0,1322,0
5/18/2019 19:30,0,0,1,1,0,1,0,0,3,2,0,1,5,0,2,0,2,0,0,0,2,4,0,1,3,0,0,0,0,0,0,1,0,0,0,1,0,0,0,0,0,0,0,0,0,0,0,3,0,0,2,2,0,1,1,0,0,0,0,0,1323,0
5/18/2019 19:40,0,0,1,2,0,1,1,0,3,3,0,2,3,0,2,0,2,1,0,0,2,4,0,0,4,1,4,0,0,1,0,0,0,0,1,0,1,1,0,0,0,0,1,0,0,0,0,0,0,0,0,1,0,0,0,1,0,0,0,0,1324,0
5/18/2019 19:43,0,0,1,1,0,1,1,0,3,2,0,2,1,1,2,0,2,1,1,1,2,1,0,1,1,1,4,0,0,1,0,0,0,1,0,0,0,0,0,1,0,0,0,1,0,0,0,0,0,0,1,1,1,1,0,1,0,0,0,0,1325,0
5/18/2019 19:47,0,0,0,1,0,1,1,0,3,2,0,1,3,0,2,0,2,0,0,2,2,0,0,1,1,1,4,0,0,1,0,0,1,0,0,0,1,0,0,1,0,0,0,0,0,0,0,0,1,0,0,0,0,0,0,0,0,0,0,0,1325,0
5/18/2019 19:51,0,0,1,2,0,1,1,0,2,2,0,2,3,0,2,0,2,1,0,0,2,4,0,0,0,1,4,0,0,1,0,0,0,1,0,0,0,0,0,0,0,0,0,0,0,0,0,0,0,0,0,2,0,0,0,0,0,0,0,0,1326,0
5/18/2019 19:55,0,0,0,1,0,1,1,1,1,2,0,1,3,1,2,0,2,0,0,2,2,4,0,1,1,1,4,0,1,1,0,0,1,0,0,1,1,0,0,0,1,0,1,0,0,0,0,0,0,0,0,0,0,0,0,0,0,0,0,0,1327,0
5/18/2019 19:58,0,0,1,1,0,1,0,0,3,3,0,2,1,0,2,0,2,1,0,2,2,4,0,1,4,1,4,0,0,1,0,0,0,0,1,0,1,1,1,0,1,0,1,0,0,0,0,3,1,0,2,2,0,0,1,1,0,0,0,0,1328,0
5/18/2019 20:01,0,0,0,1,0,1,1,0,3,2,0,1,3,0,2,0,2,0,0,0,2,4,0,1,3,1,4,0,0,0,0,0,0,1,0,0,0,0,0,0,0,0,0,0,0,0,0,0,0,0,0,2,0,0,0,1,0,0,0,0,1329,0
5/18/2019 20:04,0,0,0,1,0,1,0,0,0,3,0,1,3,0,0,0,2,0,0,0,2,3,0,1,3,1,4,0,0,0,0,1,0,1,0,0,0,0,0,0,0,0,0,0,0,1,1,3,0,0,0,2,0,0,0,0,0,0,0,0,1330,0
5/19/2019 0:03,0,0,0,1,0,1,1,0,3,2,0,1,3,0,0,0,2,0,0,0,2,4,0,1,1,1,0,0,0,0,1,0,0,1,0,0,0,0,0,0,0,0,0,0,0,0,0,0,0,0,0,2,0,1,0,0,0,0,0,0,1331,0
5/19/2019 0:09,0,0,0,1,0,1,1,0,3,2,0,1,3,0,2,0,0,0,0,0,2,0,0,1,1,1,0,0,0,1,0,0,1,0,0,0,0,0,0,0,0,0,0,0,0,0,0,0,1,0,0,2,1,2,0,0,0,0,0,0,1332,0
5/19/2019 0:11,0,0,0,1,0,1,1,0,0,2,0,1,3,0,0,0,0,0,0,2,2,4,0,0,0,1,0,0,0,1,0,0,0,1,0,0,0,0,0,0,0,0,0,0,0,0,0,0,0,0,0,0,0,0,0,0,0,0,0,0,1333,0
5/19/2019 0:14,0,0,0,1,0,1,1,0,3,2,0,1,3,1,0,0,1,0,0,1,2,0,0,1,4,0,4,0,0,0,0,1,0,0,0,1,0,0,1,1,0,0,1,0,0,0,0,3,0,0,1,1,0,2,0,0,0,0,0,0,1334,0
5/19/2019 0:16,0,0,1,1,0,1,0,0,2,2,0,2,3,0,0,1,2,1,0,0,2,2,0,0,0,0,4,0,0,1,0,0,0,0,0,1,0,0,0,0,0,0,0,0,0,0,0,0,1,0,2,0,0,1,0,0,0,0,0,0,1335,0
5/19/2019 0:20,0,0,0,1,0,1,1,1,3,3,0,1,3,0,0,0,2,0,0,2,2,4,0,1,1,1,4,0,0,1,0,0,1,0,0,0,0,0,0,1,0,0,0,0,0,0,0,0,1,0,2,2,1,0,1,0,0,0,0,0,1336,0
5/19/2019 0:23,0,0,0,1,0,1,1,0,3,2,0,2,3,1,2,0,2,0,0,0,2,4,0,0,0,0,1,1,0,0,1,0,0,0,0,1,0,0,0,1,0,0,0,0,0,0,0,0,1,0,0,2,0,0,0,1,0,0,0,0,1338,0
5/19/2019 0:25,0,0,0,1,0,1,1,0,2,2,0,1,3,0,0,0,0,0,0,0,2,4,0,0,0,1,4,0,0,0,1,0,0,1,0,0,0,0,0,1,0,0,0,0,0,0,0,0,1,0,0,0,0,0,0,0,0,0,0,0,1339,0
5/19/2019 0:27,0,1,0,1,0,1,1,0,3,2,0,2,3,0,0,0,2,0,0,0,2,4,0,0,0,1,4,0,0,0,0,1,0,0,0,1,0,0,0,0,0,0,0,0,0,0,0,0,1,0,0,0,0,0,0,0,0,0,0,0,1340,0
5/19/2019 0:30,0,1,0,1,0,1,0,1,3,3,0,1,3,0,0,0,2,0,0,0,2,4,0,1,4,1,4,0,0,1,0,0,0,1,0,0,0,0,0,0,1,0,1,0,0,0,0,0,0,0,0,0,0,0,0,0,0,0,0,0,1341,0
5/19/2019 12:51,0,0,0,3,0,1,0,0,2,3,0,1,3,0,0,0,1,0,0,0,2,1,0,0,4,1,4,0,0,0,1,0,1,0,0,0,0,0,0,0,0,0,0,0,0,1,0,1,1,0,2,2,0,0,0,0,0,0,0,0,1342,0
5/21/2019 20:51,0,0,0,3,0,1,0,0,1,3,0,2,9,1,2,0,2,1,0,2,3,0,0,0,0,1,0,0,1,0,0,0,1,0,0,0,0,0,0,0,0,0,0,0,0,0,0,0,1,0,0,0,0,0,0,0,0,0,0,0,1344,0
5/21/2019 20:52,0,0,0,3,0,1,1,0,3,3,0,2,3,1,2,0,1,0,0,1,2,2,0,0,0,0,0,0,0,0,1,1,0,0,0,0,0,0,0,0,1,0,1,0,0,0,0,1,0,0,2,1,0,0,0,0,0,0,0,0,1345,0
5/21/2019 21:23,0,0,0,3,0,1,1,0,0,2,0,2,3,0,0,0,0,0,0,0,0,1,0,0,0,0,0,1,0,0,0,0,1,0,0,0,0,0,0,0,0,0,0,0,0,0,0,0,1,0,0,2,1,0,0,0,0,0,0,0,1346,0
5/21/2019 21:21,0,0,0,3,0,1,1,1,2,2,0,2,3,0,2,0,2,0,0,1,2,0,0,1,1,1,4,0,1,0,0,0,1,0,0,0,0,0,0,0,1,0,1,0,0,0,0,2,1,0,2,2,0,2,0,0,0,0,0,0,1347,0
5/21/2019 21:22,0,0,0,2,0,1,1,0,0,1,0,1,3,1,0,0,1,1,0,0,2,0,0,0,3,1,4,0,1,1,1,0,0,1,0,0,0,1,0,1,0,0,0,0,0,0,0,0,1,0,1,2,0,2,0,1,0,0,0,0,1348,0
5/21/2019 21:29,0,0,0,3,0,1,0,0,2,3,1,1,5,1,1,0,0,1,0,1,2,2,0,1,1,1,4,1,1,0,0,0,1,0,0,0,1,0,1,0,1,0,0,0,0,1,0,2,0,0,0,1,1,1,0,0,0,0,0,0,1349,0
5/21/2019 21:29,0,0,0,3,0,1,0,0,2,3,1,1,5,1,1,0,0,1,0,1,2,2,0,1,1,1,4,1,1,0,0,0,1,0,0,0,1,0,1,0,1,0,0,0,0,1,0,2,0,0,0,1,1,1,0,0,0,0,0,0,1350,0
5/21/2019 21:55,0,0,0,3,0,1,1,0,1,2,0,2,3,0,2,0,2,1,1,1,2,4,0,0,0,0,0,0,1,0,0,0,0,0,0,1,0,0,0,1,1,0,1,0,0,0,0,1,0,0,1,1,1,0,0,1,0,0,0,0,1351,0
5/21/2019 23:29,0,1,1,3,0,1,0,0,2,2,0,1,3,0,0,1,2,0,0,1,2,4,0,1,4,1,4,0,0,0,1,0,0,0,0,0,0,0,0,0,0,0,0,0,0,0,0,0,0,0,0,0,0,0,0,0,0,0,0,0,1352,0
5/21/2019 23:33,0,1,0,3,0,1,0,0,2,2,0,1,3,0,2,0,0,0,0,1,2,0,0,0,0,0,4,0,0,1,0,0,0,1,0,0,0,0,0,1,0,0,0,0,0,0,0,0,1,0,0,2,0,0,1,0,0,0,0,0,1353,0
5/21/2019 23:35,0,1,0,3,0,1,0,0,3,2,0,2,3,0,2,0,0,0,0,0,2,4,0,0,0,1,0,0,0,0,0,0,0,0,0,0,0,0,0,0,0,0,0,0,0,0,0,0,0,0,0,0,0,1,1,0,0,0,0,0,1354,0
5/21/2019 23:40,0,1,0,2,0,0,0,0,3,2,1,1,3,0,2,0,1,0,0,1,2,4,0,1,3,1,4,1,1,0,0,0,1,0,0,0,1,0,0,0,0,0,0,0,0,0,1,0,1,0,0,0,0,0,0,0,0,0,0,0,1355,0
5/21/2019 23:41,0,0,0,3,0,1,0,1,2,3,0,2,4,1,2,0,2,0,0,0,0,1,0,0,0,1,0,0,0,1,0,0,0,0,0,0,0,0,0,1,0,0,0,0,0,0,0,0,1,0,0,2,0,0,0,0,0,0,0,0,1356,0
5/21/2019 23:49,0,1,0,3,0,1,1,0,1,1,0,2,3,0,2,0,2,0,0,0,2,0,0,0,0,1,0,0,0,0,0,0,0,0,0,0,0,0,0,0,0,0,0,0,0,0,0,0,0,0,0,0,0,0,0,0,0,0,0,0,1357,0
5/21/2019 23:57,0,1,0,2,0,1,1,0,0,1,0,1,3,0,0,0,2,0,0,1,2,4,0,1,4,1,4,0,0,0,1,0,0,0,0,0,0,0,0,0,0,0,0,0,0,0,0,0,0,0,0,0,0,0,0,0,0,0,0,0,1358,0
5/21/2019 23:59,0,0,0,3,0,1,1,0,2,1,0,1,3,1,2,0,0,0,0,1,2,1,0,0,0,0,0,0,1,1,0,0,1,0,0,0,0,1,0,1,0,0,0,0,0,0,0,0,1,0,0,2,0,0,0,0,1,0,0,0,1359,0
5/22/2019 0:03,0,1,0,2,0,1,1,0,0,1,1,2,3,0,0,0,2,0,0,1,2,4,0,0,0,0,0,0,0,0,0,0,0,0,0,0,0,0,0,0,0,0,0,0,0,0,0,3,1,0,0,0,0,0,0,0,0,0,0,0,1360,0
5/22/2019 0:09,0,1,0,3,0,1,0,0,0,2,0,1,3,0,2,0,0,0,0,1,2,4,0,0,0,0,0,1,0,1,0,0,1,0,0,0,0,0,0,1,0,0,0,0,0,0,0,0,1,0,0,2,0,0,0,0,0,0,0,0,1361,0
5/22/2019 0:10,0,1,1,3,0,1,1,0,2,2,0,2,3,0,2,0,1,1,0,1,2,4,0,1,1,1,0,0,1,0,0,0,1,0,0,0,0,0,0,1,0,0,1,0,0,0,0,0,1,0,0,0,0,0,0,0,0,0,0,0,1362,0
5/22/2019 0:15,0,1,1,3,0,1,1,0,2,1,1,2,3,0,2,0,2,0,0,1,2,4,0,1,3,1,0,0,0,0,1,0,0,0,0,0,0,0,0,0,0,0,0,0,0,0,0,2,1,0,0,0,0,0,1,0,0,0,0,0,1363,0
5/22/2019 0:15,0,1,0,2,0,1,0,0,3,2,0,1,3,1,2,0,1,0,0,1,2,2,0,0,0,0,0,0,0,1,0,0,1,0,0,0,0,1,0,0,1,0,1,0,0,0,0,2,0,0,0,2,0,0,0,0,0,0,0,0,1364,0
5/22/2019 0:20,0,1,0,3,0,1,1,0,1,2,0,1,3,0,2,0,0,0,0,1,2,0,0,0,3,0,0,1,1,0,0,0,1,0,0,0,0,0,0,0,0,0,0,0,0,0,0,0,0,0,0,2,0,0,0,1,0,0,0,0,1365,0
5/22/2019 0:21,0,1,0,3,0,1,1,0,2,2,0,1,3,0,0,0,2,0,0,2,2,4,0,0,0,1,4,1,1,0,0,0,1,0,0,1,0,0,0,0,0,0,0,0,0,0,0,0,0,0,0,0,0,0,0,0,0,0,0,0,1366,0
5/22/2019 0:23,0,1,0,3,0,1,0,0,3,3,0,1,3,0,0,0,2,0,0,1,2,4,0,0,0,0,0,0,0,1,0,0,0,0,0,1,0,0,0,0,0,0,0,0,0,0,0,0,0,0,0,0,0,0,0,0,0,0,0,0,1367,0
5/22/2019 0:25,0,1,0,3,0,2,1,0,2,3,0,1,3,0,0,0,2,0,0,1,2,4,0,0,0,0,0,0,0,0,0,0,0,0,0,0,0,0,0,0,0,0,0,0,0,1,0,0,0,0,0,0,0,0,0,0,0,0,0,0,1368,0
5/22/2019 0:28,0,1,0,2,0,1,1,0,1,3,0,2,3,0,0,0,2,1,0,1,2,0,0,0,0,0,4,0,0,0,0,0,0,0,0,1,0,0,0,0,0,0,0,0,0,0,0,0,0,0,0,2,0,0,0,0,0,0,0,0,1369,0
5/22/2019 0:29,0,1,0,3,0,1,1,0,2,2,0,1,3,0,2,0,2,0,0,0,2,4,0,1,4,1,0,1,0,1,0,0,1,0,0,0,0,0,0,1,0,0,0,0,0,0,0,0,0,0,0,0,0,0,0,0,0,0,0,0,1370,0
5/22/2019 0:31,0,1,0,3,0,1,0,0,1,2,0,2,3,0,2,0,0,0,0,2,2,4,0,1,3,1,0,1,0,1,0,0,0,1,0,0,0,0,0,0,1,0,0,0,0,0,1,0,0,0,0,0,0,0,0,0,0,0,0,0,1371,0
5/22/2019 0:38,0,1,0,3,0,1,1,0,3,2,0,1,5,0,0,0,2,0,0,1,2,4,1,1,3,1,0,1,0,0,1,0,1,0,0,0,0,0,0,0,1,0,0,0,0,0,0,0,0,0,0,0,0,0,0,0,0,0,0,0,1372,0
5/22/2019 0:40,0,1,0,3,0,1,1,0,3,2,0,1,5,0,0,0,2,0,0,1,2,4,1,1,3,1,0,1,0,0,1,0,1,0,0,0,0,0,0,1,0,0,0,0,0,0,0,0,0,0,0,0,0,0,0,0,0,0,0,0,1373,0
5/22/2019 0:43,0,1,0,3,0,0,0,0,0,1,0,1,3,0,2,1,1,0,0,0,2,4,0,0,0,1,4,0,0,0,1,0,0,1,0,0,0,0,0,0,0,0,0,0,0,0,0,0,0,0,0,0,0,0,0,0,0,0,0,0,1374,0
5/22/2019 0:45,0,1,0,3,0,1,1,0,2,2,0,2,3,0,0,0,2,0,0,1,2,4,0,0,0,0,0,0,0,1,0,0,0,1,0,0,0,0,0,0,0,0,0,0,0,0,0,0,0,0,0,0,0,0,0,0,0,0,0,0,1375,0
5/22/2019 0:48,0,1,0,3,0,1,0,0,2,3,0,1,1,0,0,0,0,0,0,1,2,4,1,1,1,1,4,0,0,1,0,0,0,0,0,1,0,0,0,0,0,0,0,0,0,0,0,0,0,0,0,0,0,0,1,0,0,0,0,0,1376,0
5/22/2019 0:51,0,1,0,3,0,1,1,0,2,2,1,1,3,0,0,0,2,0,0,1,2,4,1,0,0,0,4,0,0,0,0,1,0,0,0,1,0,0,0,0,0,0,0,0,0,1,0,0,0,0,0,0,0,1,1,0,0,0,0,0,1377,0
5/22/2019 0:53,0,1,0,3,0,1,1,0,2,1,0,2,3,1,2,0,2,1,1,1,2,0,0,0,0,1,4,0,0,0,0,1,0,0,0,1,0,0,0,1,0,0,0,0,0,0,0,0,1,0,0,2,0,2,1,0,0,0,0,0,1378,0
5/22/2019 4:01,0,0,0,3,0,1,1,0,1,2,0,1,3,1,2,0,0,1,0,0,2,4,0,0,0,1,0,0,1,1,1,0,0,0,0,1,0,0,0,0,0,0,0,0,0,0,0,0,1,0,0,2,0,0,0,1,0,0,0,0,1379,0
5/22/2019 10:48,0,1,0,3,0,1,1,0,0,2,0,2,3,0,2,1,1,0,1,1,2,2,0,0,3,0,4,1,0,0,0,0,1,0,0,0,1,0,0,0,0,0,0,0,0,1,0,2,1,0,0,1,0,0,0,0,0,0,0,0,1380,0
5/22/2019 11:55,0,1,0,3,0,1,1,0,1,3,0,1,3,0,0,0,2,0,0,0,2,1,0,0,0,0,0,0,0,0,0,0,0,0,0,0,0,0,0,0,0,0,0,0,0,0,0,0,0,0,0,0,0,0,0,0,0,0,0,0,1381,0
5/22/2019 12:34,0,1,0,3,0,1,1,0,3,3,0,0,4,0,2,0,0,0,0,2,2,0,0,0,1,1,4,0,0,1,0,0,1,0,0,0,1,0,0,1,0,0,0,0,0,1,0,3,0,0,0,0,0,0,0,0,0,0,0,0,1382,0
5/22/2019 12:37,0,1,0,3,0,1,1,0,2,2,0,1,3,0,2,1,2,0,0,0,2,4,0,0,4,1,4,0,0,1,0,0,0,1,0,0,0,0,0,1,1,0,0,0,0,1,0,0,0,0,0,2,0,0,0,0,0,0,0,0,1383,0
5/22/2019 12:42,0,1,0,3,0,1,1,0,2,2,0,2,3,0,2,0,2,0,0,0,2,4,0,0,0,0,4,0,0,0,0,0,0,0,0,0,0,0,0,0,0,0,0,0,0,0,0,0,0,0,0,0,0,0,0,0,0,0,0,0,1384,0
5/22/2019 12:48,0,1,0,3,0,1,1,0,2,2,0,1,3,0,0,0,2,0,0,2,2,4,0,1,4,1,3,1,0,1,0,0,1,0,0,0,0,1,1,1,0,0,0,0,0,1,0,3,1,0,0,2,0,0,0,0,0,0,0,0,1385,0
5/22/2019 12:51,0,1,0,3,0,1,1,0,2,2,0,1,3,0,0,0,2,0,0,2,2,4,0,0,0,1,0,0,0,1,0,0,0,0,0,1,0,1,1,1,1,0,1,0,0,0,0,0,1,1,0,0,0,0,0,0,0,0,0,0,1386,0
5/22/2019 12:54,0,1,0,3,0,1,1,0,1,2,0,1,3,0,0,0,2,0,0,1,2,4,0,0,0,1,0,1,0,1,0,0,0,0,0,1,0,0,0,1,0,0,0,0,0,0,0,0,1,0,0,2,0,0,0,0,0,0,0,0,1387,0
5/22/2019 12:55,0,1,0,2,0,1,1,1,2,1,0,1,3,0,0,0,0,0,0,2,2,4,0,1,1,1,0,1,1,0,0,0,0,0,0,1,0,0,1,1,0,0,0,0,0,0,0,0,1,0,0,0,0,0,0,0,0,0,0,0,1388,0
5/22/2019 12:57,0,1,0,2,0,1,0,0,3,2,0,1,3,0,2,0,2,0,0,1,2,4,0,0,0,1,0,1,1,0,0,0,1,0,0,0,0,0,0,1,1,0,1,0,0,0,0,2,0,0,0,0,0,0,0,0,0,0,0,0,1389,0
5/22/2019 12:58,0,1,0,2,0,1,1,0,2,2,0,2,3,0,2,0,1,0,0,1,2,4,0,0,1,1,2,0,1,0,0,0,1,0,0,0,0,0,0,0,1,0,0,0,0,0,0,0,0,0,0,0,0,0,0,0,0,0,0,0,1390,0
5/22/2019 13:00,0,1,0,0,0,1,1,0,2,2,0,2,3,0,2,0,2,0,0,1,2,4,0,0,4,1,0,0,0,0,1,0,1,0,0,0,0,0,0,0,0,0,0,1,0,0,0,0,0,0,0,0,0,0,0,0,0,0,0,0,1391,0
5/22/2019 13:00,0,1,0,3,0,1,1,0,2,2,0,1,3,0,2,0,2,0,0,0,2,0,0,0,0,0,4,0,0,1,0,0,1,0,0,0,0,0,1,1,1,0,1,0,0,0,0,1,1,0,0,2,0,0,1,0,0,0,0,0,1392,0
5/22/2019 13:04,0,1,0,2,0,1,1,1,3,3,0,1,1,0,0,0,0,0,0,2,2,4,0,1,1,0,0,1,0,1,1,0,1,1,0,0,0,1,0,1,0,0,0,0,0,0,0,0,0,0,0,2,0,0,0,1,0,0,0,0,1393,0
5/22/2019 13:05,0,1,0,3,0,1,1,0,0,3,0,1,1,0,0,0,2,0,0,0,2,1,0,1,3,1,4,0,0,0,0,1,0,0,0,1,0,0,0,0,0,0,0,0,0,0,0,0,0,0,0,0,0,0,0,0,0,0,0,0,1394,0
5/22/2019 13:07,0,1,0,3,0,1,1,0,2,3,0,1,3,0,2,1,2,0,0,0,2,4,0,0,0,0,0,0,0,1,0,0,1,0,0,0,0,0,0,1,0,0,0,0,0,0,0,0,0,0,0,0,0,0,0,0,0,0,0,0,1395,0
5/22/2019 13:09,0,1,0,3,0,1,1,1,3,2,0,1,3,0,2,0,2,0,0,0,2,0,0,0,0,1,0,1,0,0,1,0,0,1,0,0,0,0,0,0,1,0,1,0,0,0,0,0,0,0,0,0,0,0,0,1,0,0,0,0,1396,0
5/22/2019 13:11,0,1,0,3,0,1,1,0,3,2,0,1,5,0,2,0,0,0,0,0,2,4,0,1,1,1,4,0,0,0,1,0,1,0,0,0,1,1,1,1,1,0,1,0,0,0,0,0,1,0,0,2,0,0,0,0,0,0,0,0,1397,0
5/22/2019 13:13,0,1,0,3,0,1,1,0,2,2,0,2,3,0,0,2,0,0,0,1,2,4,0,0,1,1,3,0,0,1,0,0,0,1,0,0,0,0,0,0,0,0,0,0,0,0,0,0,1,0,0,0,0,0,0,0,0,0,0,0,1398,0
5/22/2019 13:14,0,1,0,3,0,1,0,0,3,3,0,2,3,0,0,0,2,1,0,1,2,4,0,0,3,1,4,0,0,1,0,0,0,0,0,1,0,0,0,0,0,0,0,0,0,1,0,0,1,0,0,0,0,0,0,0,0,0,0,0,1399,0
5/22/2019 13:17,0,1,0,3,0,1,1,0,2,3,0,1,3,0,2,0,2,0,0,2,2,0,0,0,3,1,4,1,0,1,1,0,1,1,1,1,0,1,1,1,0,0,0,0,0,0,0,0,1,0,0,0,0,0,0,0,0,0,0,0,1400,0
5/22/2019 13:24,0,1,0,3,0,1,1,0,0,0,0,2,1,0,2,0,2,0,0,0,2,4,0,0,0,0,0,0,0,1,0,0,1,0,0,0,0,0,0,0,0,0,0,0,0,0,0,0,0,0,0,0,0,0,0,0,0,0,0,0,1401,0
5/22/2019 13:27,0,1,0,3,0,1,1,0,1,3,0,2,3,0,0,0,2,0,0,0,2,4,0,0,0,0,0,0,0,0,0,1,0,0,0,0,0,0,0,0,0,0,0,0,0,0,0,0,0,0,0,0,0,0,0,0,0,0,0,0,1402,0
5/22/2019 13:30,0,1,0,3,0,1,1,0,2,3,0,2,3,0,0,0,2,0,0,0,2,1,0,0,0,1,4,0,0,1,0,0,0,0,0,1,0,0,0,1,0,0,0,0,0,0,0,0,0,0,0,0,0,0,0,0,0,0,0,0,1403,0
5/22/2019 13:33,0,0,1,2,1,2,1,1,0,1,1,1,1,1,1,3,0,0,1,2,3,3,1,1,3,0,4,1,0,1,0,0,0,1,0,1,1,0,1,0,1,0,0,0,0,1,1,3,1,0,0,1,1,2,1,1,0,0,0,0,1404,0
5/22/2019 13:36,0,1,1,3,0,1,0,2,3,3,1,0,1,0,2,1,0,0,0,0,2,2,0,1,3,0,4,0,0,0,0,1,0,0,0,1,0,0,0,1,0,0,0,0,0,0,0,0,0,0,2,0,0,1,0,0,0,0,0,0,1405,0
5/22/2019 13:39,0,1,0,2,0,1,1,0,0,2,0,1,3,0,0,0,2,0,0,0,2,0,0,0,3,1,4,0,0,1,0,0,0,1,0,0,0,0,0,0,0,0,0,0,0,1,1,3,0,0,0,0,0,0,0,0,0,0,0,0,1406,0
5/22/2019 13:41,0,0,0,3,0,1,1,0,0,1,0,2,3,1,2,0,0,1,0,1,1,1,0,0,1,1,4,1,1,1,0,0,0,1,0,0,1,0,0,0,0,0,1,0,0,0,0,1,0,0,1,2,0,1,0,0,0,0,0,0,1407,0
5/22/2019 13:43,0,1,0,3,0,1,0,2,1,3,0,1,1,0,2,0,0,0,0,2,2,1,0,1,3,1,4,1,1,0,0,0,1,0,0,0,0,1,0,0,0,0,0,0,0,0,0,0,1,0,0,2,0,0,0,1,0,0,0,0,1408,0
5/22/2019 13:47,0,0,0,3,0,1,1,1,0,2,0,1,3,1,2,0,2,1,0,0,2,4,0,0,0,0,4,1,1,1,1,0,1,0,0,0,0,0,0,1,1,0,0,0,0,1,0,0,1,1,0,0,0,0,0,0,0,0,0,0,1409,0
5/22/2019 13:49,0,0,1,3,0,1,1,0,0,1,0,1,3,1,2,0,1,0,0,2,2,0,0,0,2,0,4,0,0,0,0,1,0,0,0,1,0,0,0,0,0,0,0,0,0,0,0,0,1,1,0,2,0,0,1,0,0,0,0,0,1410,0
5/22/2019 13:52,0,1,0,3,0,1,0,0,1,1,0,1,3,2,2,1,0,0,0,1,2,0,0,0,0,1,4,1,1,0,0,0,1,0,0,0,0,1,0,1,1,1,0,0,0,0,0,2,1,1,1,1,0,0,1,1,0,0,0,0,1411,0
5/22/2019 13:54,0,1,0,3,0,1,1,0,1,3,0,1,3,0,0,0,2,0,0,2,2,4,0,0,0,0,0,0,0,0,1,0,0,0,0,1,0,0,0,1,0,0,0,0,0,0,0,0,1,0,0,0,0,0,0,0,0,0,0,0,1412,0
5/22/2019 13:57,0,0,1,3,0,1,0,1,1,2,0,1,1,1,2,0,0,1,0,2,2,1,0,0,0,1,4,1,0,1,1,0,1,0,0,1,1,0,0,1,1,0,1,0,0,0,0,1,1,0,2,2,1,1,0,1,0,0,0,0,1413,0
5/22/2019 13:59,0,0,0,3,0,1,1,0,1,2,0,1,3,1,2,0,0,1,1,1,2,4,0,0,0,0,0,0,1,0,1,0,1,0,0,0,0,0,0,1,1,0,1,0,0,0,0,2,0,0,2,1,1,0,0,1,0,0,0,0,1414,0
5/22/2019 19:16,0,0,0,2,0,1,1,0,2,3,0,2,9,1,0,0,2,0,0,0,2,0,0,0,0,0,4,0,0,0,0,0,0,0,0,1,0,0,0,1,0,0,0,0,0,0,0,0,0,0,0,1,0,0,0,1,0,0,0,0,1415,0
5/22/2019 19:19,0,0,0,2,0,1,1,0,0,2,0,1,4,1,0,0,2,1,0,0,2,4,0,0,0,1,0,0,1,0,0,0,1,0,0,0,1,0,0,0,0,0,0,0,0,0,1,0,0,0,0,2,0,0,0,0,0,0,0,0,116,0
5/22/2019 19:23,0,0,1,2,0,1,0,0,1,2,0,1,9,1,2,0,2,0,0,0,2,4,0,0,0,0,0,1,0,0,0,1,0,0,0,1,0,0,0,1,0,0,0,0,0,0,0,1,1,0,0,2,0,0,0,0,0,0,0,0,1417,0
5/22/2019 19:26,0,1,1,3,0,1,1,0,1,1,0,1,1,1,2,0,0,0,0,0,2,0,0,1,1,0,4,0,1,1,0,0,1,1,0,1,1,0,0,1,1,0,0,0,0,0,0,3,0,0,0,2,0,0,0,0,0,0,0,0,1418,0
5/22/2019 20:29,0,1,1,2,0,1,1,0,0,1,0,1,4,1,0,0,2,0,0,0,2,4,0,0,0,0,0,0,0,0,0,0,0,0,0,0,0,0,0,0,0,0,0,0,0,0,0,0,0,0,0,2,0,0,0,0,0,0,0,0,1419,0
5/22/2019 20:31,0,0,0,2,0,1,0,0,0,1,0,1,3,1,2,0,2,0,0,0,2,4,0,0,0,0,0,1,1,1,0,0,1,0,0,0,0,0,0,0,0,0,0,0,0,0,0,0,1,0,0,1,0,0,0,0,0,0,0,0,1420,0
5/22/2019 20:35,0,1,0,2,0,1,0,1,2,3,0,1,3,1,2,0,0,1,0,0,2,0,0,1,3,0,4,0,1,0,0,0,1,0,0,0,1,0,0,1,1,0,1,0,0,0,1,2,1,0,2,2,1,0,0,1,0,0,0,0,1421,0
5/22/2019 20:39,0,0,1,2,0,1,1,1,0,2,0,1,3,0,0,0,2,0,0,0,3,4,0,1,1,1,4,1,1,1,0,0,0,0,0,1,0,0,0,0,0,0,0,0,0,0,0,0,0,0,0,1,0,0,0,0,0,0,0,0,1422,0
5/22/2019 20:43,0,0,0,3,0,1,1,1,1,2,0,1,3,0,0,0,2,0,0,0,3,4,0,0,0,1,4,1,1,0,0,0,1,1,0,1,0,0,0,1,0,0,0,0,0,0,0,2,1,0,0,1,0,0,0,0,0,0,0,0,1423,0
5/22/2019 20:46,0,1,0,3,0,1,0,0,1,2,1,2,3,0,0,0,0,1,0,0,3,4,0,1,2,1,4,1,1,0,0,0,1,0,0,1,1,0,0,1,0,0,0,0,0,1,0,0,1,0,0,2,0,0,0,1,0,0,0,0,1424,0
5/22/2019 20:50,0,0,0,3,0,1,0,0,0,2,0,2,3,2,2,0,0,0,0,0,2,4,0,0,0,0,4,0,0,0,0,0,0,0,0,1,0,0,0,0,0,0,0,0,0,0,0,2,1,0,1,1,0,2,0,1,0,0,0,0,1425,0
5/22/2019 23:56,0,0,0,2,0,1,1,0,0,2,0,1,4,1,0,0,2,0,1,0,2,4,0,1,3,0,4,1,0,0,0,0,0,0,0,1,0,1,0,1,0,0,0,0,0,0,0,0,1,0,0,1,1,0,0,0,0,0,0,0,400,0
5/22/2019 23:59,0,0,1,2,0,1,0,0,1,2,0,1,3,0,0,0,2,1,1,1,2,1,0,0,0,0,4,0,0,0,0,0,0,1,0,0,0,0,0,0,0,0,0,0,0,1,0,3,1,0,1,1,0,0,0,0,0,0,0,0,401,0
5/23/2019 0:02,0,0,0,2,0,1,0,0,2,2,0,2,3,0,0,0,2,0,0,0,2,3,0,1,3,0,4,0,0,0,0,0,1,0,0,0,1,0,0,0,0,0,0,0,0,0,0,0,0,0,2,2,1,2,0,0,0,0,0,0,402,0
5/23/2019 0:04,0,0,0,3,0,1,0,1,1,2,0,2,4,1,2,0,2,1,1,1,2,4,0,0,3,0,0,1,1,1,1,0,1,1,0,0,0,1,0,1,1,0,1,0,0,0,0,1,1,0,1,1,1,2,0,0,0,0,0,0,403,0
5/23/2019 0:07,0,0,0,2,0,0,1,1,1,2,0,2,3,2,2,0,2,1,1,1,2,4,0,1,3,0,0,1,1,0,0,0,1,0,0,0,0,0,0,1,1,0,1,0,0,0,0,1,0,0,1,1,1,1,0,0,0,0,0,0,404,0
5/23/2019 1:05,0,0,0,3,0,1,0,2,1,3,1,2,3,1,2,0,2,1,1,1,2,1,0,0,0,0,4,0,1,0,0,0,1,0,0,1,1,0,0,0,1,0,0,0,0,1,1,1,1,0,1,1,0,1,0,1,0,0,0,0,405,0
5/23/2019 1:08,0,0,1,2,0,1,1,0,1,3,0,1,1,1,2,0,2,0,1,0,2,1,0,1,3,0,4,0,0,1,0,0,1,0,0,0,1,0,0,1,1,0,1,0,0,0,0,1,1,0,0,1,1,1,0,0,0,0,0,0,406,0
5/23/2019 1:10,0,1,1,2,0,1,0,0,0,1,0,1,3,1,2,0,2,0,0,0,2,0,0,0,0,0,4,0,1,1,0,0,0,0,0,0,1,0,0,0,0,0,0,0,0,0,0,0,0,0,0,2,0,0,0,0,0,0,0,0,407,0
5/23/2019 1:13,0,0,0,3,0,1,0,2,0,1,0,2,1,1,2,0,0,0,0,2,2,0,0,1,1,0,4,0,1,0,1,0,1,1,0,0,1,0,0,1,0,0,0,0,0,0,1,0,1,0,0,2,1,0,0,1,0,0,0,0,408,0
5/23/2019 1:15,0,0,1,3,0,1,0,0,0,1,0,1,3,0,2,0,0,0,0,0,2,2,0,1,1,0,4,1,0,1,0,0,1,1,1,1,0,1,1,1,0,0,0,0,0,0,0,1,0,0,0,2,0,0,0,0,0,0,0,0,409,0
5/23/2019 1:18,0,1,0,3,0,1,0,1,2,2,0,2,3,1,0,0,2,1,0,1,2,3,0,0,3,0,4,0,0,1,0,0,1,1,0,0,0,0,0,1,0,0,0,0,0,0,0,0,1,0,0,0,0,0,0,1,0,0,0,0,410,0
5/23/2019 1:22,0,0,0,3,0,1,0,0,1,1,0,2,4,1,0,0,2,0,0,2,2,4,0,0,0,1,0,0,1,1,1,0,1,0,0,1,1,0,0,1,0,0,0,0,0,0,0,0,1,0,0,2,0,0,0,1,0,0,0,0,411,0
5/23/2019 1:28,0,0,0,3,0,1,0,0,1,1,0,2,4,1,0,0,2,0,0,2,2,4,0,0,0,1,0,0,1,1,1,0,1,0,0,1,1,0,0,1,0,0,0,0,0,0,0,0,1,0,0,2,0,0,0,1,0,0,0,0,411,0
5/23/2019 1:29,0,1,1,3,0,1,0,0,0,1,0,2,3,0,2,0,2,1,0,0,2,4,0,0,0,1,4,0,0,1,0,0,0,1,0,0,0,0,0,1,0,0,0,0,0,0,0,0,1,0,0,2,0,0,0,1,0,0,0,0,412,0
5/23/2019 1:34,0,0,0,3,0,1,0,0,0,0,0,1,3,0,0,0,2,1,0,0,3,2,0,1,1,0,4,1,0,1,0,0,0,1,0,0,0,0,0,1,0,0,0,0,0,0,0,0,1,0,0,2,0,0,0,0,0,0,0,0,414,0
5/23/2019 1:35,0,1,0,2,0,1,0,0,0,0,0,1,3,0,2,0,2,1,0,0,2,4,0,0,0,0,4,0,0,0,1,0,0,0,0,0,0,0,0,0,0,0,0,0,0,0,0,0,1,0,0,2,0,0,0,0,0,0,0,0,413,0
5/23/2019 1:40,0,0,0,2,0,1,1,0,1,2,0,2,3,2,2,0,0,0,0,0,3,4,0,0,0,0,4,1,0,1,0,0,1,0,0,0,0,0,0,0,0,0,0,0,0,0,0,0,0,0,0,2,0,0,0,1,0,0,0,0,415,0
5/23/2019 1:40,0,0,0,2,0,1,0,0,2,2,0,2,9,1,0,0,1,1,0,0,0,1,0,0,0,0,4,1,1,1,0,0,1,1,1,1,0,0,0,1,0,0,0,0,0,0,0,0,1,0,1,2,1,2,0,1,0,0,0,0,16,0
5/23/2019 16:31,0,0,0,2,0,1,0,0,1,2,0,1,3,0,0,0,2,0,0,0,2,4,0,0,0,1,0,0,1,1,0,0,1,1,0,0,0,0,0,1,0,0,0,0,0,0,0,0,1,0,1,1,0,0,0,0,0,0,0,0,417,0
5/23/2019 16:31,0,0,0,2,0,1,0,1,0,1,0,2,3,2,2,0,2,1,1,1,2,0,0,0,0,0,4,1,1,1,1,0,0,1,0,1,0,1,1,1,1,0,0,0,0,1,0,2,0,0,2,1,0,0,0,1,0,0,0,0,418,0
5/23/2019 16:40,0,0,1,3,0,1,1,0,1,1,0,2,3,0,0,0,2,0,0,0,2,1,0,1,1,0,0,1,1,1,0,0,1,1,0,1,0,1,0,0,0,0,0,0,0,0,0,0,1,0,0,2,0,0,0,1,0,0,0,0,420,0
5/23/2019 16:40,0,0,0,3,0,1,0,0,2,2,0,2,3,1,0,0,0,1,0,1,2,2,0,1,3,0,4,1,0,0,0,0,1,0,0,0,0,0,0,1,0,0,0,0,0,1,0,2,1,0,1,2,0,0,0,0,0,0,0,0,419,0
5/24/2019 23:49,0,0,0,3,0,0,0,1,0,3,0,1,3,1,0,0,1,1,0,2,2,1,0,1,3,1,4,0,1,1,1,1,1,1,0,1,0,0,0,1,1,0,1,0,0,1,0,1,0,0,1,1,0,1,0,0,0,0,0,0,421,0
5/24/2019 23:53,0,0,0,3,0,1,1,0,0,2,0,1,3,0,0,0,0,1,0,2,3,0,0,1,1,0,4,1,1,0,0,0,0,0,1,0,0,1,1,1,0,0,1,0,0,0,0,2,0,1,2,2,0,0,0,0,0,0,0,0,422,0
5/24/2019 23:56,0,0,0,3,0,0,0,0,1,3,1,1,3,1,2,0,2,1,1,1,2,1,0,1,1,1,4,1,0,1,1,0,0,1,0,1,1,0,0,1,1,0,1,0,0,0,0,2,1,0,0,1,0,0,1,1,0,0,0,0,423,0
5/25/2019 0:01,0,0,1,2,0,1,0,0,2,2,0,2,3,0,0,0,0,1,0,1,2,4,0,0,0,0,0,0,0,0,0,1,0,0,0,1,0,0,0,1,1,0,0,0,0,1,0,1,0,0,1,1,0,0,0,1,0,0,0,0,424,0
5/25/2019 0:03,0,0,1,2,0,1,0,0,2,1,0,1,3,0,2,0,2,1,0,0,2,0,0,1,3,0,4,0,1,0,1,0,1,0,0,0,0,0,0,1,0,0,0,0,0,0,0,0,1,0,0,2,0,0,0,0,0,0,0,0,425,0
5/26/2019 0:31,0,0,1,2,0,1,0,0,0,2,0,1,3,1,0,0,0,1,0,0,2,4,0,0,0,1,0,0,1,0,1,0,0,0,0,1,1,1,1,1,0,0,0,0,0,0,0,0,0,0,1,1,0,2,0,0,0,0,0,0,351,0
5/26/2019 0:33,0,1,0,2,0,1,1,0,1,2,0,1,3,0,0,0,2,0,0,2,2,4,0,0,0,0,4,0,1,1,1,0,1,1,0,1,1,0,0,1,0,0,0,0,0,0,0,0,1,0,0,2,0,0,0,0,0,0,0,0,352,0
5/26/2019 0:36,0,1,0,3,0,1,0,0,0,2,0,1,3,1,2,0,0,1,0,0,2,4,0,1,3,1,4,0,1,1,1,0,1,1,0,0,0,1,0,0,0,0,0,0,0,0,0,0,1,0,0,2,1,0,0,0,0,0,0,0,353,0
5/26/2019 0:38,0,0,0,3,0,1,1,0,0,2,0,2,3,0,0,0,2,1,0,2,2,0,0,0,0,0,0,1,1,0,0,0,1,0,0,0,0,0,0,1,1,0,0,0,0,1,0,1,0,0,1,2,0,1,0,0,0,0,0,0,354,0
5/26/2019 0:40,0,0,0,3,0,1,0,0,0,2,0,2,3,0,0,0,0,0,0,0,2,4,0,0,0,0,0,0,0,1,0,0,0,0,0,0,0,0,0,0,0,0,0,0,0,0,0,0,0,0,0,2,0,0,0,0,0,0,0,0,355,0
5/26/2019 0:42,0,1,0,2,0,1,1,0,0,2,0,1,3,0,0,0,2,1,0,0,2,4,0,0,0,0,0,0,1,1,0,0,1,1,0,0,0,0,0,0,0,0,0,0,0,0,0,0,0,0,0,2,0,0,0,0,0,0,0,0,356,0
5/26/2019 0:44,0,1,0,3,0,1,1,1,0,2,0,1,3,0,0,0,2,0,0,2,2,4,0,0,0,0,0,1,1,1,1,0,1,1,0,0,0,0,0,0,0,0,0,0,0,0,0,0,0,0,0,2,0,0,0,0,0,0,0,0,357,0
5/26/2019 0:46,0,0,1,2,0,1,1,0,0,2,0,0,5,0,0,0,2,0,0,2,2,4,0,0,0,0,0,0,1,1,0,1,1,1,0,0,0,1,0,0,0,0,0,0,0,0,0,0,0,0,0,1,1,0,0,0,0,0,0,0,358,0
5/26/2019 0:49,0,0,0,3,0,1,0,1,0,2,0,1,3,1,0,0,2,0,0,2,2,1,0,0,0,1,4,1,0,0,1,0,0,0,0,1,0,0,0,1,1,0,1,0,0,0,0,2,0,0,1,1,0,1,0,1,0,0,0,0,359,0
5/26/2019 0:52,0,0,1,3,0,0,0,0,1,1,1,1,3,1,0,0,2,0,0,2,2,1,0,1,3,0,4,0,0,1,0,1,0,0,0,1,0,0,0,0,0,0,0,0,0,1,0,1,0,0,1,2,0,0,0,1,0,0,0,0,360,0
5/26/2019 0:55,0,0,1,3,0,1,0,1,0,1,0,2,9,1,2,0,2,0,0,1,2,0,0,1,4,1,4,1,1,1,1,1,1,1,0,1,0,1,0,1,0,0,0,0,0,0,0,0,1,0,0,1,0,0,1,0,0,0,0,0,361,0
5/26/2019 0:58,0,1,0,3,0,1,1,0,0,2,0,1,1,0,0,0,0,0,0,0,2,4,0,0,0,1,4,1,1,1,1,0,1,1,0,1,0,0,0,1,0,0,0,0,0,0,0,0,1,0,0,2,0,0,0,0,0,0,0,0,362,0
5/26/2019 1:01,0,1,1,3,0,1,0,0,0,3,0,1,1,0,0,0,0,1,0,2,2,4,0,1,1,1,4,1,1,1,1,0,1,1,0,1,1,0,0,1,0,0,0,0,0,0,0,0,1,0,0,2,0,0,0,0,0,0,0,0,363,0
5/26/2019 1:04,0,1,0,3,0,1,0,0,2,2,1,2,3,0,2,0,2,1,0,0,2,0,0,1,1,1,4,1,1,0,0,0,1,0,0,0,0,1,0,0,0,0,0,0,0,0,0,0,0,0,0,2,0,0,0,0,0,0,0,0,365,0
5/26/2019 1:06,0,0,0,2,0,1,0,1,1,2,0,1,3,1,2,0,2,1,1,1,2,3,0,1,1,0,0,0,1,1,1,0,1,0,0,0,0,1,1,1,1,0,1,0,0,0,0,2,0,0,0,1,0,2,0,1,0,0,0,0,366,0
5/26/2019 1:09,0,0,1,3,0,1,0,0,1,2,0,2,3,0,0,0,0,1,0,0,2,1,0,0,0,0,0,0,1,0,0,0,1,0,0,0,0,0,0,1,1,0,1,0,0,0,0,1,1,0,1,1,0,1,0,1,0,0,0,0,367,0
5/26/2019 1:11,0,0,0,2,0,1,1,0,1,2,0,1,3,0,2,0,0,1,1,2,2,4,0,1,1,1,0,1,1,0,0,0,1,0,0,0,0,0,0,0,0,0,0,0,0,0,0,0,1,0,1,1,0,2,0,1,0,0,0,0,368,0
5/26/2019 1:13,0,0,0,2,0,1,0,0,0,3,0,1,4,2,0,0,2,1,1,2,2,1,0,0,0,0,0,0,1,1,0,0,0,1,0,0,0,0,0,1,1,0,1,0,0,0,0,1,0,1,1,1,0,0,0,0,0,0,0,0,369,0
5/26/2019 1:16,0,0,0,2,0,1,0,0,0,0,0,1,3,2,2,0,0,1,1,0,2,0,0,1,3,1,4,1,1,0,0,0,1,0,0,0,0,0,0,1,1,0,1,0,0,0,0,1,1,0,1,1,0,0,0,1,0,0,0,0,370,0
5/26/2019 1:18,0,0,0,3,0,1,1,1,1,2,0,1,1,0,2,0,0,0,1,2,3,0,0,0,0,0,4,1,1,0,0,0,1,0,0,0,0,1,0,0,1,0,1,0,1,0,0,2,0,0,1,2,0,1,0,0,0,0,0,0,371,0
5/26/2019 1:20,0,1,1,3,0,1,0,1,1,3,0,1,3,0,0,0,0,0,0,0,2,1,0,1,3,0,0,1,1,1,0,0,1,1,0,0,0,0,0,0,0,0,0,0,0,0,0,0,1,0,0,1,0,0,0,0,0,0,0,0,372,0
5/26/2019 17:43,0,0,0,2,0,1,1,0,1,2,0,1,3,1,2,0,0,1,0,2,2,3,0,1,1,0,4,1,1,1,1,0,1,1,1,1,0,0,0,1,0,0,0,0,0,0,0,1,1,0,0,2,1,2,0,1,0,0,0,0,426,0
5/26/2019 17:45,0,0,1,2,0,1,0,0,0,2,0,2,1,1,2,0,0,1,0,1,2,4,0,0,0,1,0,0,1,1,1,0,1,1,1,1,0,0,0,1,1,0,1,0,0,0,0,0,1,0,2,2,0,2,0,1,0,0,0,0,427,0
5/26/2019 17:47,0,0,0,3,0,1,1,0,1,1,0,1,3,1,2,0,0,0,1,1,2,1,0,0,0,0,0,0,0,1,0,0,1,0,0,0,0,0,0,0,0,0,0,0,0,0,0,0,0,0,0,1,0,0,0,0,0,0,0,0,428,0
5/26/2019 17:49,0,0,0,3,0,1,0,0,1,2,0,1,1,0,0,0,1,0,0,0,2,4,0,0,0,0,0,0,0,1,0,0,0,1,0,0,0,0,0,1,0,0,0,0,0,0,0,0,0,0,0,2,0,0,0,0,0,0,0,0,429,0
5/26/2019 17:56,0,0,0,3,0,1,0,0,0,3,0,1,3,0,0,0,2,0,0,2,2,0,0,0,0,1,4,0,1,0,1,0,1,1,0,0,0,0,0,1,0,0,0,0,0,0,0,0,0,0,0,2,0,0,0,0,0,0,0,0,430,0
5/26/2019 17:58,0,0,1,2,0,0,0,1,0,1,0,2,3,1,2,0,0,0,0,1,2,0,0,1,1,0,0,1,1,0,0,0,1,0,0,0,0,1,1,1,1,0,1,0,0,0,0,1,1,0,1,1,1,1,0,1,1,0,0,0,431,0
5/26/2019 18:00,0,1,1,3,0,1,1,0,1,1,0,2,3,0,2,0,0,1,0,0,2,1,0,0,0,0,0,0,0,1,0,0,1,0,0,0,0,0,0,1,0,0,0,0,0,0,0,0,0,0,0,0,0,0,0,1,0,0,0,0,432,0
5/26/2019 23:54,0,0,0,2,0,1,0,0,0,2,1,1,3,1,2,0,2,0,1,0,2,4,0,1,1,1,0,1,1,1,1,1,1,1,0,1,0,0,0,1,0,0,0,0,0,0,0,0,1,0,0,2,0,0,0,0,0,0,0,0,433,0
5/26/2019 23:57,0,0,0,2,0,1,0,0,1,2,0,1,3,1,0,0,1,0,1,0,2,4,0,1,1,1,4,1,1,1,1,0,1,1,0,1,0,1,0,1,0,0,0,0,0,0,0,0,1,0,2,1,0,0,0,0,0,0,0,0,434,0
5/26/2019 23:59,0,1,0,3,0,0,1,0,1,1,0,2,3,0,2,0,1,0,0,2,2,0,0,1,2,0,4,1,0,1,0,0,0,1,0,0,1,0,0,1,0,0,1,0,0,0,0,2,0,0,2,0,0,0,0,0,0,0,0,0,435,0
5/27/2019 0:02,0,0,0,3,0,1,0,0,2,2,0,1,3,1,2,0,0,1,0,1,2,4,0,1,3,1,0,0,1,1,1,0,1,1,0,1,0,0,0,1,0,0,0,0,0,0,0,2,1,0,2,1,1,2,0,1,0,0,0,0,436,0
5/27/2019 14:43,0,0,1,3,0,0,0,0,2,3,0,1,3,0,0,0,0,1,0,2,2,4,0,0,0,0,0,1,0,1,0,0,1,0,0,0,0,1,0,0,0,0,0,0,0,0,0,0,0,0,0,2,0,0,0,0,0,0,0,0,437,0
5/27/2019 14:45,0,0,0,2,0,1,0,0,0,2,0,2,3,1,2,0,0,1,0,0,2,1,0,0,0,0,0,1,0,0,1,0,0,0,0,1,0,0,0,0,1,0,0,0,0,1,0,1,0,0,2,1,0,0,0,0,0,0,0,0,438,0
5/27/2019 14:47,0,0,0,2,0,1,1,1,0,1,0,2,1,1,0,0,0,1,0,1,2,0,0,0,0,0,0,1,0,1,1,0,1,0,0,1,0,0,0,1,1,0,0,0,0,1,0,2,1,0,0,1,0,0,0,1,0,0,0,0,439,0
5/27/2019 14:49,0,0,1,2,0,1,1,1,0,2,0,1,3,1,2,0,1,0,0,2,2,0,0,0,0,1,1,1,1,1,1,0,1,1,0,1,1,1,0,1,0,0,0,0,0,0,0,0,0,0,0,2,0,0,0,1,0,0,0,0,440,0
5/27/2019 14:52,0,0,1,2,0,0,0,0,0,1,0,1,3,1,0,0,0,1,0,1,1,1,0,0,0,1,4,0,0,0,0,0,0,0,0,0,0,0,0,1,1,0,1,0,0,1,0,1,0,0,1,2,0,0,0,0,0,0,0,0,441,0
5/27/2019 14:55,0,1,0,3,0,1,0,0,1,1,1,1,3,1,0,0,0,0,0,0,2,4,0,1,1,1,4,1,1,1,1,0,1,1,0,0,0,1,1,1,1,0,1,0,0,0,1,0,0,0,0,2,0,0,0,0,0,0,0,0,442,0
5/27/2019 14:57,0,0,0,3,0,1,0,0,0,2,1,2,1,1,2,0,0,1,0,1,2,0,0,0,0,0,4,1,1,0,0,0,1,0,0,1,0,1,1,1,1,0,1,0,0,1,1,2,1,0,0,1,0,0,0,1,0,0,0,0,443,0
5/27/2019 14:59,0,0,1,2,0,1,1,0,1,3,0,1,3,1,2,0,0,0,0,2,2,1,0,0,0,1,4,0,0,1,1,0,1,1,0,0,0,0,0,1,0,0,0,0,0,0,0,0,0,0,0,2,0,0,0,1,0,0,0,0,444,0
4/25/2019 0:27,1,0,0,2,0,1,1,0,0,1,1,1,3,0,2,0,2,0,1,0,2,4,0,1,3,1,0,0,0,1,0,0,0,0,0,1,0,1,1,0,1,1,1,0,0,0,0,1,1,1,1,1,0,2,1,1,0,0,0,0,501,0
4/28/2019 0:31,1,0,0,3,0,1,0,0,0,1,0,2,3,1,0,2,1,0,0,1,1,1,0,0,0,0,0,0,0,1,0,0,0,0,0,0,0,0,0,1,1,0,0,1,0,0,0,2,1,1,1,2,0,1,1,1,0,0,0,0,502,0
4/28/2019 0:35,1,0,1,3,0,1,1,0,0,1,0,2,4,1,0,1,0,1,1,1,3,2,0,0,3,0,0,1,0,0,1,1,0,1,1,0,0,0,0,1,1,1,1,1,1,1,0,2,1,0,1,1,1,1,0,0,1,1,0,0,503,0
4/28/2019 0:35,1,0,1,3,0,1,1,0,0,1,0,2,4,1,0,1,0,1,1,1,3,2,0,0,3,0,0,1,0,0,1,1,0,1,1,0,0,0,0,1,1,1,1,1,1,1,0,2,1,0,1,1,1,1,0,0,1,1,0,0,504,0
4/28/2019 0:41,1,0,0,1,0,1,0,2,1,2,0,1,4,0,2,0,0,0,0,2,3,4,1,1,3,1,4,1,1,1,1,1,1,1,1,1,1,1,0,1,1,1,1,1,0,1,0,3,1,1,1,1,0,1,1,1,1,0,1,1,505,0
4/28/2019 0:43,0,0,1,3,0,1,1,0,0,1,0,1,4,1,0,1,0,1,1,0,3,2,0,0,0,0,0,0,0,0,1,0,0,0,1,0,0,0,0,1,0,0,0,0,0,0,0,0,1,0,1,1,1,1,0,0,0,1,0,0,445,0
4/28/2019 0:47,1,0,0,3,0,1,1,0,3,2,0,2,3,0,2,0,0,1,1,0,2,4,0,0,1,1,0,1,1,0,0,0,0,1,0,0,0,0,0,1,1,0,0,0,0,1,0,2,0,0,1,1,0,2,1,0,0,0,0,0,507,0
4/28/2019 0:49,1,0,0,3,0,3,1,0,0,3,1,2,3,0,0,1,2,0,1,0,0,3,0,0,0,0,4,0,0,1,0,0,0,1,0,0,0,0,0,1,1,0,1,1,0,0,1,1,1,1,1,1,1,1,1,1,1,0,1,0,508,0
4/28/2019 1:04,0,0,0,3,0,1,1,0,2,3,0,2,3,1,2,0,2,1,0,2,1,0,0,0,0,0,4,0,0,0,0,1,0,0,0,0,0,0,0,1,0,0,0,0,0,0,0,2,0,0,0,2,0,0,0,0,0,0,0,0,446,0
4/28/2019 1:30,0,0,1,3,0,1,1,1,1,3,0,2,3,1,2,0,0,1,0,2,0,0,0,0,3,0,4,0,1,1,1,1,0,1,0,0,0,0,0,1,0,0,0,0,0,0,0,0,1,0,1,1,0,0,1,0,0,0,0,0,447,0
4/28/2019 1:44,1,0,0,3,0,1,0,0,1,0,0,2,1,0,2,0,0,0,1,0,2,1,0,0,3,0,4,0,0,1,0,0,1,0,0,0,0,1,1,0,1,0,0,1,0,0,0,3,1,0,1,1,0,0,1,0,1,0,0,0,509,0
4/28/2019 10:07,1,0,0,3,0,1,1,0,0,3,0,2,3,1,2,0,0,0,0,0,0,1,0,0,0,1,1,1,1,1,1,0,1,1,0,1,0,1,0,0,1,0,1,0,0,0,0,2,0,0,1,1,0,0,0,0,0,0,0,0,510,0
4/28/2019 11:16,1,0,0,3,0,1,0,0,3,3,0,2,3,1,2,0,1,1,1,1,2,4,0,0,0,1,0,1,0,1,0,0,1,0,0,0,0,0,1,1,1,1,0,0,0,0,0,1,1,0,1,1,0,2,0,1,1,0,1,0,511,0
4/28/2019 13:11,1,0,0,3,0,1,1,0,1,3,0,2,3,1,2,0,1,1,1,0,3,2,0,0,0,0,4,1,0,1,0,0,0,1,0,0,0,0,0,1,1,0,1,1,0,1,0,2,1,0,1,1,0,0,0,0,0,0,0,0,512,0
4/28/2019 14:23,1,0,0,3,0,1,1,0,1,2,0,2,3,1,1,0,0,1,1,0,2,4,0,0,0,1,0,1,0,1,0,0,0,0,1,0,0,0,0,1,0,0,0,0,0,1,0,1,0,0,1,1,0,2,1,1,1,0,1,0,513,0
4/28/2019 18:55,1,0,1,3,0,0,0,0,1,3,0,2,3,1,2,0,0,1,1,1,0,1,0,0,0,0,0,0,0,0,0,1,0,0,0,1,0,1,0,1,1,1,1,1,1,1,0,2,0,0,1,2,0,0,1,1,0,0,0,0,514,0
4/28/2019 21:59,1,0,1,3,0,1,1,0,1,3,0,2,3,1,2,0,0,0,1,1,0,1,0,1,3,1,4,0,0,1,0,0,0,1,0,0,0,0,0,1,1,0,1,0,0,0,0,2,1,0,1,1,1,1,1,0,1,0,1,0,515,0
4/28/2019 23:42,1,0,0,3,0,1,0,1,0,0,0,2,1,1,0,1,1,1,1,1,1,3,0,0,3,0,3,0,0,0,1,0,1,0,0,0,0,0,0,1,1,1,1,1,0,0,0,1,1,1,1,1,0,1,1,1,1,1,1,0,516,0
4/29/2019 1:11,1,0,0,3,0,0,1,0,3,3,1,2,3,1,2,0,0,1,1,1,2,4,0,1,3,1,0,0,0,1,1,0,0,1,0,1,0,0,0,1,1,0,1,0,0,0,0,3,1,0,1,1,0,1,1,1,1,0,1,1,517,0
4/29/2019 4:13,1,0,0,3,0,1,0,0,1,2,0,2,4,1,0,0,0,1,1,1,2,0,0,0,0,0,4,0,1,1,0,0,1,1,0,1,0,0,0,1,1,1,1,1,0,1,0,1,0,1,1,1,1,1,1,0,0,0,0,0,518,0
4/29/2019 9:21,1,0,0,3,0,1,0,1,0,2,0,2,3,1,2,0,1,0,0,0,2,4,0,0,0,1,0,0,0,1,0,0,0,0,0,0,0,0,0,1,1,1,1,0,0,0,0,1,0,0,2,2,0,0,1,0,0,0,0,0,519,0
4/29/2019 11:45,0,0,1,3,0,1,1,0,1,1,0,2,3,1,0,0,2,1,0,1,2,0,0,0,0,0,0,1,1,0,0,0,1,0,0,0,0,0,0,0,0,0,0,0,0,0,0,0,1,0,1,1,0,0,0,1,0,0,0,0,448,0
4/29/2019 12:23,1,0,0,3,0,1,0,1,1,3,0,2,3,1,2,0,1,0,0,0,2,2,0,1,1,0,4,1,1,0,1,0,1,0,0,1,0,0,0,1,1,1,0,0,0,0,0,1,0,0,2,2,0,0,0,0,0,0,0,0,520,0
4/29/2019 13:44,1,0,1,1,0,1,1,1,3,2,1,1,3,0,0,0,1,1,1,1,1,1,0,0,0,0,4,1,0,0,1,0,1,0,0,0,1,0,0,1,1,0,1,0,0,0,1,3,0,0,1,1,0,0,0,0,1,0,1,0,521,0
4/29/2019 16:16,1,0,0,3,0,1,0,0,1,0,0,2,3,1,2,0,1,1,0,2,2,0,0,0,0,0,0,1,0,1,0,0,1,0,0,0,0,1,0,1,1,0,1,0,0,0,0,1,1,0,1,1,0,1,1,1,1,0,0,0,522,0
4/29/2019 16:25,1,1,0,3,0,1,1,0,0,1,1,2,3,2,0,0,0,1,0,1,2,0,0,1,1,0,4,0,0,1,1,0,1,1,0,1,1,0,0,1,1,0,1,0,0,0,0,1,0,0,1,1,1,2,0,0,0,0,0,0,523,0
4/29/2019 16:25,0,0,0,3,0,1,1,0,2,3,0,2,9,0,0,1,2,0,0,1,2,1,0,0,3,0,4,0,0,0,0,1,0,0,0,1,0,0,0,0,0,0,0,0,0,0,0,0,0,0,0,0,0,0,0,0,0,0,0,0,449,0
4/29/2019 17:17,1,0,0,3,0,1,0,1,2,2,0,2,3,2,2,0,0,1,1,1,0,1,0,0,3,0,4,0,1,0,0,0,1,0,0,0,0,0,0,0,1,0,0,0,0,1,0,2,1,0,1,1,0,0,1,0,0,0,0,0,524,0
4/29/2019 17:28,1,0,0,2,0,1,0,0,3,3,0,2,4,2,1,0,0,0,0,2,1,1,1,1,1,1,0,1,1,0,0,0,0,0,0,0,0,0,0,1,0,1,1,0,0,0,0,1,1,0,1,1,1,1,0,1,1,1,0,0,525,0
4/29/2019 17:49,1,0,0,2,0,1,0,1,0,2,0,2,3,1,2,0,0,1,1,1,2,0,0,0,3,1,4,1,0,0,1,0,0,0,0,1,0,0,0,1,1,0,1,0,0,1,0,1,0,0,1,2,0,1,1,0,0,0,0,0,526,0
4/29/2019 19:11,0,1,1,2,0,1,0,0,3,3,0,1,3,0,0,0,0,0,0,1,2,1,0,0,3,0,4,0,0,1,1,0,0,1,0,0,0,0,0,0,0,0,0,0,0,0,0,2,0,0,2,1,0,0,0,0,0,0,0,0,450,0
4/29/2019 23:11,1,0,0,3,0,1,1,1,1,2,0,2,8,1,2,0,1,0,1,2,2,0,0,0,3,1,0,0,1,0,0,0,1,0,0,0,0,1,0,0,1,0,1,0,0,0,0,1,1,0,1,1,1,2,1,1,0,0,0,0,528,0
4/29/2019 23:27,1,0,0,3,0,0,0,0,2,2,0,2,3,0,2,0,0,1,1,1,3,4,0,0,0,1,0,1,1,0,0,0,1,0,0,0,0,0,0,1,1,0,1,0,0,0,0,3,1,0,1,1,0,1,0,0,0,0,0,0,529,0
4/30/2019 0:29,1,0,0,3,0,1,1,0,2,2,0,2,3,0,2,0,0,1,1,1,2,1,0,0,3,0,4,0,0,0,0,1,0,0,0,1,0,0,0,1,1,1,1,1,0,0,0,1,1,0,1,1,1,2,0,0,1,0,1,0,530,0
4/30/2019 16:34,1,0,1,2,0,1,1,1,0,3,0,2,1,1,1,0,1,1,0,1,1,2,1,0,1,0,4,1,0,0,0,1,1,0,0,1,0,1,1,0,1,0,1,0,0,0,0,1,1,0,1,1,1,1,1,1,1,0,0,0,531,0
5/2/2019 8:16,1,0,0,3,0,1,0,1,2,0,0,2,9,0,2,0,1,0,0,0,2,4,0,0,0,0,0,1,1,0,1,0,1,1,0,0,0,0,0,1,1,1,1,1,1,0,0,2,1,0,1,1,0,2,0,1,0,0,0,0,532,0
5/3/2019 11:50,1,0,0,2,0,1,1,2,1,2,0,2,1,2,0,1,2,1,0,1,3,4,0,0,0,1,0,0,1,0,0,0,1,0,0,1,0,0,0,0,1,0,0,1,0,0,0,3,1,1,1,1,0,1,1,1,1,0,1,0,533,0
5/3/2019 12:01,1,0,0,3,0,1,1,2,1,2,1,2,3,2,1,0,0,1,1,1,2,4,1,1,2,1,0,1,1,0,0,0,0,1,0,0,0,0,0,1,1,1,1,0,0,1,0,1,1,0,1,1,0,2,1,1,0,0,0,0,534,0
5/3/2019 15:20,1,0,0,3,0,1,1,1,0,1,1,1,3,0,0,2,1,0,0,2,1,1,0,0,0,1,0,0,0,0,1,0,0,0,0,1,0,0,0,1,1,0,1,0,0,0,0,3,0,1,1,1,0,0,1,1,0,0,0,0,29,0
5/3/2019 15:25,1,0,1,2,0,1,0,0,0,1,0,2,3,0,2,1,0,0,1,1,2,1,1,1,4,0,2,1,0,1,0,0,0,1,0,0,0,1,0,1,1,1,0,0,0,0,1,3,1,1,1,0,1,1,1,1,0,0,0,0,30,0
5/3/2019 15:31,1,0,1,3,0,1,1,0,0,1,0,2,3,1,2,1,1,0,0,1,0,2,0,0,0,1,0,1,0,1,0,0,1,0,0,0,0,0,0,1,1,1,1,1,1,1,0,3,0,1,1,1,0,0,1,1,1,0,1,0,31,0
5/3/2019 15:48,1,0,0,3,0,1,1,2,1,0,0,1,3,0,2,1,0,0,0,2,0,2,0,1,2,1,0,0,0,1,0,0,0,0,0,0,0,0,0,0,1,1,0,0,0,0,0,1,0,0,1,1,1,0,1,1,0,0,0,0,32,0
5/3/2019 23:56,1,0,0,2,0,1,1,0,2,2,1,1,1,0,2,0,1,0,0,0,3,4,0,0,0,1,4,1,1,1,0,0,1,0,0,0,0,0,0,0,1,1,0,0,0,0,1,3,0,0,1,1,0,1,1,0,1,0,1,0,33,0
5/4/2019 0:06,1,0,0,0,0,1,1,0,2,3,0,2,5,0,2,2,1,0,1,1,3,4,0,1,4,1,2,1,0,0,0,1,0,0,1,0,0,1,1,0,1,1,0,0,0,0,0,3,1,1,1,1,1,1,1,1,0,0,0,0,34,0
5/4/2019 10:07,1,0,0,0,0,1,1,1,0,0,0,2,1,0,0,1,2,0,1,1,3,4,0,0,2,0,0,1,1,0,0,0,0,1,0,0,1,0,0,0,1,1,0,0,0,0,0,3,0,1,2,1,0,0,1,1,1,1,1,0,35,0
5/4/2019 10:11,1,0,0,3,0,1,1,0,0,1,0,1,1,1,0,0,1,1,0,0,1,2,0,0,0,1,0,0,0,1,0,0,0,0,0,1,0,0,0,1,1,0,0,0,0,1,0,0,0,0,1,1,0,2,0,0,0,0,0,0,36,0
5/4/2019 10:22,1,0,0,0,0,1,0,2,2,3,0,2,3,0,0,1,2,0,0,1,0,1,0,1,2,1,4,1,1,0,0,0,0,1,0,0,0,0,0,0,1,1,0,0,0,0,0,3,1,0,1,1,1,1,1,1,0,0,1,0,37,0
5/4/2019 10:25,1,0,0,2,0,1,0,1,1,2,1,1,3,1,2,0,1,1,1,1,2,4,0,1,4,1,0,1,1,1,1,0,1,1,0,1,1,1,1,1,1,1,1,1,0,0,1,3,1,1,1,2,0,1,1,1,1,0,1,0,38,0
5/4/2019 10:33,1,0,0,1,0,1,1,0,1,2,0,2,3,1,2,0,1,1,1,1,3,4,0,0,0,1,0,1,0,0,1,0,0,1,0,0,0,0,0,1,1,0,1,0,0,0,1,3,1,0,1,1,1,1,1,1,1,1,1,0,39,0
5/4/2019 10:36,1,0,0,1,0,1,1,0,0,2,1,1,3,0,0,1,1,0,1,1,1,3,0,0,2,1,0,0,0,1,0,0,0,0,0,0,0,0,0,0,1,0,1,0,0,0,1,3,1,0,1,1,1,0,0,0,1,1,1,1,40,0
5/4/2019 10:40,1,0,1,2,0,1,1,0,0,2,0,2,1,1,2,0,0,1,0,1,3,4,0,0,0,1,0,1,0,0,1,0,0,1,0,0,0,0,0,1,1,1,1,0,0,0,0,3,1,0,1,1,0,2,1,1,0,0,0,0,41,0
5/4/2019 10:43,1,0,0,2,0,1,0,1,1,1,0,2,1,1,2,0,0,1,0,1,2,4,0,0,0,1,0,0,0,0,1,0,0,0,1,0,0,0,1,0,1,0,0,0,0,1,0,1,1,1,1,1,0,2,1,0,0,0,0,0,42,0
5/4/2019 10:46,1,0,0,2,0,1,1,0,1,2,0,1,3,1,2,0,1,1,1,0,2,0,0,0,1,0,4,1,1,0,0,0,0,0,0,1,0,0,1,0,1,1,0,0,0,0,0,1,1,1,1,1,1,1,0,1,1,0,0,0,43,0
5/7/2019 13:15,1,0,0,1,0,1,1,2,2,2,0,0,3,0,2,1,1,1,0,2,1,1,0,1,3,0,4,0,0,1,0,0,0,0,1,0,0,0,1,0,1,0,1,0,0,0,0,3,1,0,1,1,0,2,0,1,1,0,0,0,44,0
5/7/2019 13:18,1,0,0,1,0,1,0,1,2,3,0,2,1,1,2,1,2,0,0,1,0,1,0,1,2,1,0,1,0,1,0,0,1,0,0,0,0,0,0,0,1,0,0,0,0,1,0,1,0,0,1,1,1,2,1,0,0,0,0,0,45,0
5/7/2019 15:45,1,0,0,1,0,1,0,1,0,1,0,1,3,1,2,0,1,1,0,2,2,4,0,0,0,0,4,1,1,0,0,0,1,0,0,0,0,1,0,1,1,1,1,0,0,0,1,3,0,1,1,2,0,1,1,0,0,0,0,0,57,0
5/7/2019 15:49,1,0,1,3,0,1,0,0,1,2,0,1,1,0,0,1,1,0,0,0,0,1,0,1,1,1,0,0,0,1,1,0,0,0,1,0,0,0,1,0,1,1,1,1,0,0,1,1,1,1,1,2,0,2,1,1,0,0,0,0,46,Challenges
5/7/2019 15:50,1,0,1,3,0,1,1,2,0,0,1,1,1,0,2,0,0,1,1,1,2,4,1,1,1,0,4,0,0,1,0,0,0,1,0,0,0,1,0,1,1,1,1,1,1,0,1,1,0,1,1,1,0,0,1,0,1,0,1,0,59,Fair Life
5/7/2019 15:54,1,0,1,0,0,0,0,1,1,1,0,1,1,1,0,1,1,1,0,1,2,2,0,1,4,0,3,0,0,0,1,0,0,1,0,0,1,1,0,1,0,1,1,1,1,0,1,3,0,0,2,2,0,2,1,0,0,1,1,0,60,Fair Life
5/7/2019 15:57,1,0,0,3,0,1,1,0,0,2,0,2,1,1,0,1,2,0,0,0,0,3,0,0,0,0,0,0,0,1,0,0,1,0,0,0,0,0,0,1,1,0,0,0,0,1,0,3,1,0,1,1,0,2,1,0,0,0,0,0,47,Challenges
5/7/2019 15:57,1,0,0,3,0,1,0,1,2,3,1,1,1,0,2,1,2,0,0,0,1,2,0,0,3,0,4,0,0,1,0,0,1,0,0,0,0,0,0,0,0,0,0,0,0,1,0,1,0,0,1,2,0,0,0,0,0,0,0,0,61,Fair Life
5/7/2019 16:00,1,0,0,3,0,1,1,1,1,2,0,1,3,0,2,1,2,0,0,1,0,0,0,1,1,1,4,0,0,1,0,0,1,0,0,0,0,0,0,0,0,0,0,0,0,1,0,2,1,1,1,1,1,2,1,1,0,0,0,0,62,Fair Life
5/7/2019 16:01,1,0,0,2,0,1,0,0,1,3,0,2,9,0,2,1,1,0,1,1,1,2,0,1,3,1,0,0,0,0,1,0,0,0,0,1,0,1,1,1,1,0,0,1,0,0,0,3,1,1,1,1,0,1,1,1,1,0,1,0,48,Challenges
5/7/2019 16:04,1,0,0,2,0,1,0,1,1,3,0,1,3,1,2,0,0,0,1,2,0,1,0,1,3,1,0,1,1,1,1,0,1,1,0,1,0,0,0,1,1,1,1,0,0,1,0,1,1,0,1,1,0,2,1,1,1,0,1,0,49,Challenges
5/7/2019 16:06,1,0,0,0,0,1,0,1,2,2,0,1,5,0,0,0,2,0,0,0,0,0,1,0,4,0,1,0,1,0,0,0,1,0,0,1,1,1,0,0,1,0,1,0,0,0,1,3,1,1,2,0,1,1,1,1,0,0,0,0,63,Fair Life
5/7/2019 16:10,1,0,0,0,0,3,1,0,3,2,1,2,3,0,2,0,1,1,0,1,3,4,0,0,0,0,0,0,0,1,0,0,1,0,0,0,0,0,0,0,0,0,0,0,0,1,1,2,1,0,2,1,0,0,0,0,1,0,0,0,50,Challenges
5/7/2019 16:11,1,0,0,2,0,1,1,0,0,0,0,2,1,1,2,0,0,1,1,1,2,1,0,0,3,1,4,1,0,0,0,1,0,0,1,0,0,0,0,0,1,0,0,1,0,0,0,3,1,0,1,1,1,1,1,1,1,0,0,0,64,Fair Life
5/7/2019 16:14,1,0,0,2,0,1,1,0,0,3,0,2,3,0,0,1,1,0,0,1,0,3,1,1,2,0,4,0,0,0,1,0,0,1,0,0,0,0,0,0,1,0,0,1,0,0,1,3,1,1,1,1,1,1,1,0,1,1,1,0,64,Fair Life
5/7/2019 16:16,1,0,0,1,0,1,1,0,2,1,0,1,3,0,0,1,2,0,0,1,1,2,0,0,4,1,1,0,0,1,0,0,1,0,0,0,0,0,0,0,1,0,1,0,0,0,1,3,1,1,1,1,0,0,0,1,1,0,1,1,65,Fair Life
5/7/2019 16:17,1,0,1,1,0,1,0,0,2,3,1,1,1,0,2,0,0,0,1,2,0,1,0,1,4,1,4,1,0,1,0,0,1,0,0,0,0,0,0,1,1,0,1,0,0,0,1,3,0,1,1,1,0,1,1,0,0,0,0,0,121,Challenges
5/7/2019 16:20,1,0,0,1,0,1,0,0,1,3,0,1,3,0,0,0,2,0,0,0,1,3,0,0,3,0,4,0,0,0,0,1,0,1,0,0,0,0,0,0,1,0,1,0,0,0,0,3,1,1,1,1,1,1,1,1,1,1,0,0,66,Fair Life
5/7/2019 16:20,1,0,0,1,0,1,0,0,1,2,0,2,3,0,2,0,0,0,0,0,3,4,0,1,4,1,1,0,1,0,0,0,1,0,0,0,0,1,1,1,1,0,1,0,0,0,0,2,1,1,1,1,0,1,1,1,0,0,0,0,122,Challenges
5/7/2019 16:23,1,0,1,3,0,1,1,1,0,3,1,2,3,0,0,0,2,0,1,2,1,3,0,0,0,1,4,0,0,1,0,0,0,1,0,0,0,0,0,0,1,0,1,0,0,0,0,3,0,0,1,1,0,2,0,1,0,0,0,0,123,Challenges
5/7/2019 16:23,1,0,0,2,0,1,0,1,1,2,0,2,3,1,2,1,0,1,0,1,0,0,0,1,4,1,4,0,0,1,0,0,0,1,0,0,0,0,0,1,1,0,0,1,0,0,0,1,1,1,1,1,0,2,1,1,1,0,1,0,67,Fair Life
5/7/2019 16:26,1,0,0,1,0,2,0,1,2,2,0,2,3,1,2,0,1,1,0,1,2,4,0,1,3,0,4,0,1,0,1,0,1,0,0,1,0,0,1,0,0,0,0,0,0,0,1,3,1,0,1,1,1,0,1,1,0,0,0,0,124,Challenges
5/7/2019 16:29,1,0,0,1,0,1,1,1,1,1,1,2,3,0,0,1,2,0,0,0,1,0,0,0,0,1,4,0,0,1,0,0,0,0,1,0,0,0,0,1,0,0,0,0,0,1,0,3,1,1,1,1,1,0,1,0,1,0,1,0,125,Challenges
5/7/2019 16:32,1,0,0,1,0,1,1,0,2,3,1,1,3,0,2,1,2,0,1,0,1,1,0,1,2,1,4,0,0,1,0,0,0,0,0,1,0,0,0,0,1,0,0,1,0,0,1,2,0,0,1,1,1,2,0,1,0,0,0,0,126,Challenges
5/7/2019 16:41,1,0,0,3,0,1,1,2,0,2,1,1,6,1,1,0,0,1,1,2,2,4,1,1,2,1,4,1,1,1,0,0,1,1,0,1,0,0,0,1,1,1,1,1,0,1,0,1,1,0,1,1,1,1,1,1,1,0,1,0,127,Challenges
5/7/2019 16:44,1,0,1,2,0,1,1,2,2,3,0,2,3,1,0,0,1,0,0,1,1,0,1,1,1,0,4,0,0,0,1,0,1,0,0,0,1,1,0,0,1,0,0,1,0,0,0,3,1,1,1,1,1,0,0,1,1,0,0,0,128,Challenges
5/7/2019 16:47,1,0,1,2,0,1,1,1,2,1,0,1,3,0,0,0,2,0,0,1,3,4,0,1,2,0,4,1,1,0,0,0,0,1,0,0,0,0,0,0,1,1,1,1,0,1,1,1,1,1,1,1,1,1,1,1,1,0,1,0,129,Challenges
5/7/2019 17:22,1,0,0,2,0,1,1,0,1,3,0,2,5,0,2,1,2,0,0,1,1,2,0,1,3,0,0,0,0,1,0,0,0,1,0,0,0,0,0,1,1,0,1,0,0,0,0,2,0,0,0,1,0,0,0,0,0,1,0,0,130,Challenges
5/7/2019 17:25,1,0,0,3,0,1,1,0,0,3,0,1,3,0,0,1,1,0,0,0,1,0,0,0,0,0,0,1,1,0,0,0,0,1,0,0,0,0,0,0,0,0,0,0,0,0,0,2,0,1,1,1,0,2,0,0,1,1,1,0,131,Challenges
5/7/2019 17:28,1,0,1,3,0,1,0,1,0,3,1,2,6,2,0,2,0,1,1,0,1,3,0,0,0,1,4,1,1,0,0,0,1,0,0,0,1,0,0,1,1,1,0,0,0,0,0,2,1,1,1,1,1,1,1,1,1,1,0,0,132,Challenges
5/7/2019 17:41,1,0,0,2,0,1,1,1,3,1,0,2,3,0,2,0,1,0,0,1,2,4,1,1,2,1,4,1,0,0,0,1,0,1,0,0,0,0,1,1,1,1,1,0,0,0,1,1,1,0,1,0,0,0,1,0,1,0,1,0,133,Challenges
5/7/2019 17:46,1,0,0,0,0,1,1,1,2,2,1,2,1,0,2,0,1,0,0,1,3,4,1,1,2,1,4,1,0,0,0,1,0,0,0,0,0,0,0,1,1,1,1,0,0,0,1,3,1,1,1,1,1,1,1,0,0,0,0,0,134,Challenges
5/7/2019 17:49,1,0,0,1,0,1,1,2,1,2,0,1,3,0,2,0,0,1,1,2,2,4,0,1,3,1,0,1,1,0,0,0,1,0,0,0,0,0,0,1,1,1,0,0,0,0,0,1,1,0,1,1,1,2,1,0,0,0,0,0,135,Challenges
5/7/2019 17:52,1,0,0,3,0,1,0,1,1,2,0,2,3,1,2,0,1,0,0,2,2,1,0,0,0,0,0,1,0,1,0,0,1,0,0,0,0,1,1,1,1,0,1,0,0,0,0,3,1,0,1,1,0,0,0,0,1,0,1,0,136,Challenges
5/7/2019 17:55,1,0,0,3,0,1,0,0,2,3,0,2,3,1,2,0,1,0,0,1,2,4,0,1,2,1,4,1,1,1,0,0,0,0,0,1,0,0,0,0,1,1,1,1,0,1,0,3,0,0,1,1,0,1,1,1,1,0,1,1,137,Challenges
5/7/2019 17:58,1,0,0,3,0,1,0,1,0,2,1,2,3,0,2,1,2,0,0,1,1,2,0,0,0,0,0,0,0,0,1,0,0,0,0,1,0,0,0,1,1,1,0,0,0,0,1,1,1,1,1,1,0,2,1,1,0,0,0,0,138,Challenges
5/7/2019 18:05,1,0,1,2,0,1,1,0,0,1,0,2,3,0,2,0,0,1,0,2,1,1,0,1,2,1,4,0,0,1,0,0,0,0,0,1,0,0,0,1,1,1,1,1,1,0,0,1,0,0,1,2,0,1,1,0,1,0,1,0,139,Challenges
5/7/2019 18:09,1,0,0,0,0,1,0,0,1,3,1,2,3,2,2,0,0,1,1,2,1,3,1,1,1,1,4,0,1,0,0,0,0,0,0,1,0,0,0,1,1,1,0,0,0,0,1,3,1,0,1,1,1,0,1,1,0,1,0,0,140,Challenges
5/7/2019 18:34,1,0,0,1,0,1,0,0,1,0,1,2,1,1,0,0,1,0,0,1,1,1,1,1,4,0,4,0,0,1,0,0,0,0,1,0,0,0,0,0,0,0,0,1,0,0,0,3,1,1,2,2,0,2,1,0,1,1,1,1,68,Fair Life
5/7/2019 20:19,1,0,0,2,0,1,1,0,3,2,0,1,3,0,0,1,0,0,0,0,0,3,0,0,0,1,4,0,0,0,1,0,0,1,0,0,0,0,1,0,1,1,1,1,0,0,0,1,1,0,1,1,1,1,1,1,1,0,0,0,69,Fair Life
5/7/2019 20:22,1,0,0,0,0,1,1,0,2,0,0,1,3,0,2,1,2,0,0,0,3,0,0,0,3,1,4,0,0,1,0,0,0,0,1,0,0,0,0,0,0,0,1,1,0,0,1,1,0,0,0,2,0,2,1,1,0,1,1,0,70,Fair Life
5/7/2019 20:27,1,0,0,2,0,1,0,1,1,3,1,0,3,0,2,0,0,1,1,0,0,2,0,1,4,0,1,1,0,1,0,0,0,1,0,0,0,1,1,1,0,0,1,1,0,0,1,3,1,0,2,2,1,2,1,1,0,1,1,0,71,Fair Life
5/7/2019 20:30,1,0,0,1,0,0,1,2,0,0,1,2,1,2,2,0,0,1,1,0,1,3,1,1,1,1,4,0,0,0,1,0,0,0,1,0,1,1,1,1,0,1,1,1,1,0,0,3,1,1,2,2,1,2,1,0,1,1,1,0,72,Fair Life
5/7/2019 20:34,1,0,0,1,0,1,0,1,1,2,1,2,1,1,1,2,1,0,1,1,1,1,0,1,4,1,2,1,1,0,0,0,0,1,0,0,1,1,1,0,1,0,1,1,0,0,1,3,0,0,2,2,0,2,1,0,1,0,1,1,73,Fair Life
5/7/2019 20:36,1,0,0,0,0,0,0,2,1,1,1,2,1,2,1,1,0,1,0,2,0,0,1,1,1,1,3,1,0,1,0,0,0,1,0,0,1,1,0,1,0,0,1,0,0,0,1,3,0,1,2,2,1,1,1,1,1,0,0,0,74,Fair Life
5/7/2019 20:40,1,0,0,2,0,1,1,0,1,3,0,2,3,0,2,1,2,0,1,0,1,2,0,1,3,1,4,0,0,1,0,0,1,0,0,0,0,0,1,1,1,0,0,0,0,1,0,2,1,0,1,2,1,2,1,0,0,0,0,0,75,Fair Life
5/7/2019 20:44,1,0,0,1,0,1,1,1,1,3,0,1,3,0,2,0,2,0,1,0,1,2,0,1,4,1,4,1,0,0,0,1,1,0,0,0,0,0,0,0,0,0,0,0,0,1,1,2,1,0,1,1,1,2,1,0,0,0,0,0,76,Fair Life
5/7/2019 20:47,1,0,0,0,0,1,1,0,3,2,0,1,3,1,0,1,2,0,0,2,0,0,1,1,4,1,1,1,1,0,0,0,1,0,0,0,1,1,1,1,1,0,0,1,0,0,0,1,1,1,1,1,1,1,1,1,0,1,1,1,77,Fair Life
5/7/2019 20:50,1,0,0,2,0,1,1,0,2,2,0,0,3,1,0,1,2,1,0,2,3,0,1,1,4,1,4,0,0,0,0,1,1,0,0,0,1,0,1,0,0,0,0,0,0,1,0,1,0,1,1,2,0,2,1,1,1,1,1,1,78,Fair Life
5/7/2019 20:52,1,0,0,2,0,1,1,0,1,2,0,1,3,0,2,1,2,0,0,2,1,1,0,0,0,1,4,0,0,0,1,0,0,0,0,1,0,0,0,1,1,0,0,0,0,1,0,1,1,0,1,1,0,2,1,0,1,1,1,0,79,Fair Life
5/7/2019 22:06,1,0,0,2,0,1,1,1,2,2,1,2,3,0,0,0,2,0,1,2,2,4,0,1,3,0,0,1,1,0,0,0,0,1,0,0,0,1,0,1,1,0,1,0,0,0,0,3,1,1,1,1,1,2,0,1,1,0,1,0,236,Fair Life
5/7/2019 22:09,1,0,0,1,0,1,1,0,2,3,1,2,3,0,2,1,2,0,1,0,3,3,0,0,0,1,0,0,0,0,1,0,0,0,0,0,0,0,0,1,1,0,0,1,0,0,1,2,0,0,1,1,0,0,0,0,1,0,0,0,237,Fair Life
5/7/2019 22:12,1,0,0,2,0,1,1,1,2,3,1,1,1,0,2,0,2,1,1,1,1,0,0,1,4,1,4,0,0,1,0,0,0,1,0,0,0,0,0,1,1,1,1,1,0,1,0,1,1,1,1,1,1,1,1,1,1,0,1,0,238,Fair Life
5/7/2019 22:15,1,0,0,2,0,1,1,0,1,1,0,2,3,1,2,0,1,0,0,2,2,4,0,0,0,0,4,0,0,0,0,1,0,0,0,1,0,0,0,0,1,1,1,0,0,1,0,3,1,1,1,1,1,2,1,1,1,0,1,0,239,Fair Life
5/7/2019 22:18,1,0,0,1,0,1,1,0,0,1,1,2,1,0,0,1,0,0,0,0,1,3,0,1,4,1,0,0,0,0,1,0,0,1,0,0,0,0,0,1,1,1,0,0,0,0,1,1,0,0,1,1,0,0,0,0,1,1,1,0,240,Fair Life
5/7/2019 22:21,1,0,0,0,0,1,0,0,3,3,0,1,3,0,1,1,2,0,0,0,0,0,0,1,3,0,4,1,0,0,0,1,0,0,0,1,0,0,0,1,0,0,0,0,0,1,0,1,0,1,1,1,1,1,1,0,1,1,1,1,241,Fair Life
5/7/2019 22:26,1,0,0,3,0,1,1,1,1,1,0,2,9,2,1,0,1,1,1,1,2,4,0,1,2,1,4,1,1,1,0,0,1,1,0,1,0,0,0,1,1,1,1,0,0,1,0,1,1,1,1,1,1,2,1,1,1,0,1,0,242,Fair Life
5/7/2019 22:29,1,0,0,2,0,1,1,0,2,0,0,2,3,1,2,0,2,0,1,2,2,0,0,1,4,1,4,1,1,0,0,0,0,1,0,0,0,1,1,1,1,1,1,1,0,0,0,3,1,1,1,1,0,2,0,0,0,0,0,0,243,Fair Life
5/7/2019 22:32,1,0,0,3,0,1,1,1,2,2,0,1,3,0,0,1,2,0,0,0,1,1,0,0,0,0,4,0,0,0,0,1,0,0,0,0,0,0,0,0,1,0,0,0,0,1,0,2,1,1,1,1,0,0,0,0,1,0,0,0,244,Fair Life
5/7/2019 22:35,1,0,0,2,0,1,0,0,2,2,0,1,3,1,0,0,1,1,0,1,2,0,0,1,4,1,4,1,0,1,0,0,1,0,0,0,0,0,0,1,1,0,0,0,0,1,0,1,1,0,1,1,1,0,0,1,0,0,0,0,245,Fair Life
5/7/2019 22:38,1,0,0,3,0,1,1,0,2,3,0,2,3,0,2,1,2,0,0,2,0,3,0,1,2,1,4,1,0,1,0,0,1,0,0,0,0,0,0,0,1,1,1,1,0,0,0,1,1,0,1,1,0,1,1,0,0,0,0,0,246,Fair Life
5/7/2019 22:42,0,0,0,1,0,1,0,1,2,3,0,1,3,0,0,1,2,0,0,1,3,4,1,1,2,1,0,1,1,0,0,0,1,0,1,1,0,0,0,1,0,1,1,1,0,1,0,1,1,0,2,2,1,2,1,0,0,0,0,0,247,Fair Life
5/7/2019 22:45,1,0,0,2,0,1,1,0,1,2,1,2,3,1,2,0,0,1,1,1,2,1,1,1,4,1,4,1,1,0,0,0,1,0,0,0,0,1,1,0,1,1,1,1,1,1,1,3,1,1,1,1,1,2,1,1,1,0,1,0,248,Fair Life
5/7/2019 22:47,1,0,0,1,0,1,1,2,2,3,0,2,3,1,2,0,2,1,1,1,2,4,0,0,0,0,4,0,0,0,1,0,1,0,0,0,0,0,0,0,1,0,1,0,0,0,0,3,1,0,1,1,0,2,1,1,1,1,0,0,249,Fair Life
5/8/2019 9:49,1,0,0,3,0,1,0,0,0,1,0,1,3,0,0,1,2,0,0,0,1,3,0,1,1,0,4,0,0,1,0,0,0,1,0,0,0,0,0,0,1,0,0,0,0,1,0,2,0,0,1,1,0,2,0,0,0,1,0,0,250,Fair Life
5/8/2019 9:53,1,0,0,3,0,1,1,1,0,2,0,1,3,0,2,1,0,0,1,0,2,4,0,0,0,1,0,0,0,1,0,0,0,0,1,0,1,0,1,0,1,0,0,1,0,0,1,2,0,1,1,2,0,0,1,1,0,0,0,0,251,Fair Life
5/8/2019 9:55,1,0,0,2,0,1,0,2,0,3,0,2,3,0,2,1,2,0,0,0,1,3,0,1,1,1,4,1,0,1,0,0,0,0,1,0,0,0,1,1,1,0,0,0,0,1,0,2,1,0,1,1,0,1,1,1,0,0,1,0,252,Fair Life
5/8/2019 9:58,1,0,0,1,0,1,0,0,1,3,0,1,3,1,0,1,2,0,0,0,1,2,0,1,4,1,4,0,0,1,0,0,1,0,0,0,0,0,0,0,1,0,0,0,0,1,0,2,1,0,1,1,0,2,0,0,1,0,0,0,253,Fair Life
5/8/2019 10:01,1,0,0,1,0,1,1,0,2,2,0,1,3,0,0,1,2,0,0,0,3,2,0,1,2,1,4,0,0,1,0,0,1,0,0,0,0,0,0,0,1,0,0,0,0,1,0,2,0,1,1,1,0,0,1,0,0,0,0,0,254,Fair Life
5/9/2019 11:55,1,0,0,2,0,1,1,0,3,2,0,2,5,0,1,0,0,1,0,1,2,1,0,0,1,0,4,0,0,0,0,1,1,0,0,0,0,0,0,0,1,1,0,0,0,0,0,1,1,0,1,1,1,0,1,1,1,1,1,1,255,Fair Life
5/9/2019 11:58,1,0,0,0,0,1,1,0,3,3,0,1,3,2,2,1,1,1,1,1,1,0,0,1,4,1,4,0,0,1,0,0,1,0,0,0,0,0,1,1,1,1,0,0,0,0,1,2,0,0,1,1,1,1,1,1,1,0,0,0,256,Fair Life
5/9/2019 12:01,1,0,0,3,0,1,1,0,0,3,0,1,3,0,2,1,1,0,0,0,0,3,0,1,0,1,4,0,1,1,0,0,1,1,0,0,0,0,0,0,1,0,0,0,0,1,1,1,1,0,0,1,0,0,1,0,0,0,0,0,257,Fair Life
5/9/2019 12:03,1,0,1,2,0,1,1,1,0,0,0,1,1,1,0,2,1,1,0,1,1,3,0,0,0,0,4,1,0,0,0,1,1,0,0,0,0,0,0,1,1,1,1,1,1,0,0,1,0,1,1,1,0,0,1,0,1,1,1,0,258,Fair Life
5/9/2019 12:07,1,0,1,2,0,1,0,1,1,1,1,2,9,1,0,0,1,1,1,1,1,2,1,1,2,0,4,0,0,0,1,0,0,1,0,0,1,1,1,1,1,1,1,1,1,0,1,3,1,1,1,1,1,2,1,1,0,0,0,0,259,Fair Life
5/9/2019 12:10,1,0,0,2,0,1,1,0,1,3,0,0,3,0,0,0,0,0,0,2,2,2,0,0,0,1,4,0,0,1,0,0,0,0,0,1,0,0,0,0,1,0,1,0,0,0,0,3,0,1,0,1,0,2,0,0,0,0,0,0,260,Fair Life
5/9/2019 12:19,1,0,0,1,0,1,1,0,0,0,0,0,3,0,0,1,2,0,0,0,3,0,0,1,1,0,4,0,0,0,1,0,0,1,0,0,0,0,0,1,1,0,0,0,0,1,0,3,0,0,1,1,1,2,1,1,1,1,1,1,270,Fair Life
5/9/2019 12:23,1,0,0,2,0,0,0,2,0,0,0,0,3,0,2,1,2,0,0,0,3,0,0,1,2,1,4,0,0,1,0,0,1,0,0,0,0,0,0,1,1,1,0,0,0,0,0,1,0,0,1,2,1,1,1,0,0,0,0,0,271,Fair Life
5/9/2019 12:26,1,0,0,3,0,1,1,0,0,3,1,2,3,0,0,1,2,0,0,1,1,3,0,1,3,1,4,0,0,0,1,0,1,1,0,0,0,0,0,0,1,0,0,0,0,1,1,1,1,0,1,1,1,2,1,1,0,0,0,0,272,Fair Life
5/11/2019 9:29,1,0,0,2,0,1,1,0,0,1,0,2,3,0,0,1,2,0,0,2,3,2,0,1,1,0,4,0,0,0,0,1,0,1,0,0,0,0,0,0,1,0,1,0,0,0,0,2,1,0,2,1,0,0,0,0,0,0,0,0,273,Fair Life
5/11/2019 9:34,1,0,0,3,0,1,0,0,0,2,0,1,1,0,0,1,0,0,1,0,1,2,0,1,4,0,4,0,0,0,1,0,0,0,0,1,0,0,0,0,1,0,0,1,0,0,0,2,1,0,1,1,0,1,1,1,1,0,0,0,274,Fair Life
5/11/2019 9:37,1,0,0,2,0,1,0,0,1,2,0,1,1,0,0,0,0,0,0,0,3,3,0,1,4,1,1,1,1,0,0,0,1,0,0,0,1,0,0,0,1,1,0,0,0,0,1,3,1,1,1,1,1,2,1,1,0,0,0,0,275,Fair Life
5/11/2019 9:41,1,0,0,2,0,1,1,0,0,3,0,0,3,0,0,1,1,0,0,0,0,0,0,0,0,0,0,0,0,0,0,1,0,0,0,1,0,0,0,0,1,1,0,1,0,0,0,1,0,1,1,1,0,1,1,1,1,0,1,0,276,Fair Life
5/11/2019 9:43,1,0,0,3,0,1,0,1,2,2,0,1,3,1,2,0,0,1,1,2,1,2,0,0,0,1,0,0,0,1,0,0,1,0,0,0,0,0,1,1,1,1,1,0,0,0,0,3,1,0,1,1,0,1,1,1,1,0,1,0,277,Fair Life
5/11/2019 9:47,1,0,0,3,0,1,0,1,2,2,1,1,3,2,2,2,0,1,1,1,1,2,0,0,0,1,0,0,0,1,1,0,1,0,0,0,0,0,1,1,1,1,1,0,0,0,0,3,1,0,1,1,1,0,1,1,1,0,1,0,278,Fair Life
5/11/2019 9:50,1,0,1,3,0,1,1,1,1,3,0,2,3,0,1,1,0,1,1,1,3,4,0,1,1,1,4,1,0,1,0,0,0,0,0,1,0,0,1,1,1,0,0,1,0,0,0,1,1,1,1,1,1,1,1,1,1,0,1,0,279,Fair Life
5/11/2019 9:52,1,0,0,3,0,1,1,0,0,3,0,2,3,2,2,0,2,1,1,1,1,3,0,1,2,1,1,0,0,0,0,1,0,1,0,0,0,0,1,0,1,0,0,1,0,0,0,1,1,1,1,1,1,1,1,1,1,1,1,0,280,Fair Life
5/11/2019 16:14,1,0,1,3,0,1,1,2,1,3,0,1,1,0,0,0,0,1,1,0,1,2,0,1,2,1,4,1,1,1,1,0,0,0,0,0,0,1,1,1,1,1,1,1,1,1,1,3,1,1,1,2,0,2,1,1,1,0,1,0,281,Fair Life
5/11/2019 16:18,1,0,0,0,0,1,1,0,2,3,0,1,3,0,0,1,2,1,0,0,1,2,0,1,2,0,2,0,0,1,0,0,0,1,0,0,1,1,1,1,1,1,0,1,0,0,0,1,0,0,1,1,1,1,0,0,1,0,0,0,282,Right Turn
5/11/2019 16:21,1,0,0,3,0,1,0,2,2,3,0,0,3,0,0,0,2,0,0,2,2,4,0,0,0,0,0,0,1,0,0,0,0,0,0,0,0,0,0,0,1,0,0,0,0,1,0,2,0,0,1,0,0,0,0,0,0,0,0,0,283,Right Turn
5/11/2019 16:23,1,0,0,2,0,1,1,1,2,1,0,2,3,1,2,0,0,0,1,1,3,4,1,1,1,1,0,1,1,1,1,0,1,1,1,0,0,0,0,1,1,0,1,1,0,0,0,1,1,0,1,1,1,1,1,1,0,0,0,0,284,Right Turn
5/11/2019 16:26,1,0,0,0,0,1,1,0,2,3,0,2,3,1,0,1,1,1,1,1,0,1,1,1,2,1,0,1,0,0,1,0,0,1,0,1,0,0,0,1,1,1,0,0,0,1,0,1,1,0,1,1,1,1,0,0,1,0,1,1,285,Right Turn
5/11/2019 16:28,1,0,0,3,0,1,1,0,2,3,1,1,3,0,0,0,0,0,1,1,2,4,0,1,2,1,0,1,1,0,0,0,1,0,0,0,1,0,0,0,1,1,0,0,0,0,1,3,0,1,1,1,1,2,1,1,1,0,0,0,286,Right Turn
5/11/2019 16:30,1,0,0,3,1,1,1,2,0,1,0,2,1,1,0,2,1,1,1,1,3,4,0,0,0,1,0,1,1,0,0,0,1,0,0,0,0,0,0,1,1,1,0,0,0,0,0,1,1,1,1,1,1,2,1,1,1,1,1,0,287,Right Turn
5/11/2019 16:33,1,0,0,0,0,1,1,1,1,2,0,1,5,0,2,1,2,0,0,2,3,3,1,1,1,1,4,1,0,1,0,0,0,1,0,0,0,0,0,1,0,1,0,0,0,1,0,2,1,0,1,1,1,1,1,1,0,0,0,0,288,Right Turn
5/11/2019 16:35,1,0,0,1,0,1,1,1,2,2,1,1,3,1,1,0,0,1,1,1,3,4,1,0,0,1,0,1,0,0,1,0,0,0,1,0,0,1,1,0,1,1,1,1,0,0,1,3,1,0,1,1,1,1,1,0,0,0,1,1,289,Right Turn
5/11/2019 16:38,1,0,0,0,0,1,0,2,2,3,1,2,4,1,2,1,0,0,1,2,1,2,1,1,2,1,0,1,1,1,1,0,0,1,1,0,0,0,0,0,1,1,1,1,0,1,1,3,1,0,1,1,1,1,1,1,1,1,0,0,290,Right Turn
5/12/2019 12:54,1,0,0,2,0,1,0,2,1,2,1,2,3,1,2,0,0,1,1,1,3,4,1,1,1,1,0,1,0,1,0,0,0,1,0,1,0,0,0,1,1,1,1,1,0,0,0,3,1,1,1,1,1,1,1,1,1,0,1,0,291,Right Turn
5/12/2019 12:57,1,0,0,2,0,1,1,0,2,2,1,2,3,1,2,0,0,1,1,1,0,1,1,1,2,1,4,1,0,0,1,0,1,0,0,0,0,0,0,1,1,0,1,0,0,0,1,1,1,0,1,1,1,1,1,1,0,0,0,0,292,Right Turn
5/12/2019 13:00,1,0,0,3,0,1,0,2,2,3,0,0,1,0,0,0,1,0,1,2,0,1,0,0,0,0,4,1,1,0,0,0,1,0,0,0,0,0,1,0,1,0,0,0,0,1,0,1,0,1,1,1,0,1,1,0,0,0,0,0,293,Right Turn
5/13/2019 19:57,1,0,0,0,0,1,1,1,2,3,0,1,3,1,2,0,0,1,0,2,3,4,0,1,3,0,4,0,0,0,0,1,0,1,0,0,0,0,0,1,1,0,0,0,0,1,0,3,0,0,1,2,0,0,1,0,1,0,1,0,294,Right Turn
5/13/2019 22:22,1,0,0,1,0,1,1,1,0,1,0,2,3,1,2,0,0,1,0,1,1,2,1,1,1,1,0,1,0,1,0,0,0,1,0,0,0,0,0,0,1,1,1,0,0,1,0,3,1,0,1,1,1,1,1,1,1,1,1,1,295,Right Turn
5/13/2019 22:24,1,0,0,3,0,1,1,2,2,1,1,2,9,0,2,2,1,0,1,2,2,4,0,1,2,1,4,1,1,1,1,0,1,1,0,1,1,1,1,1,1,1,1,0,0,0,0,1,1,1,1,1,0,2,1,1,0,0,0,0,296,Right Turn
5/13/2019 22:27,1,0,0,1,0,1,1,1,1,2,1,2,3,0,0,1,2,1,0,2,3,4,1,1,4,1,4,0,0,1,1,0,0,1,0,0,0,0,1,1,1,1,1,1,0,1,1,3,1,0,1,1,0,0,1,1,1,0,1,0,297,Right Turn
5/13/2019 22:29,1,0,0,0,0,1,0,2,2,2,0,0,5,1,1,1,2,1,1,2,3,4,1,1,4,1,0,1,1,1,1,0,0,1,1,1,0,1,1,1,1,1,1,1,0,1,1,3,1,1,1,1,1,1,1,1,1,0,1,0,8,Right Turn
5/14/2019 20:17,1,0,1,1,0,1,0,0,3,3,1,2,1,0,0,0,2,1,0,1,3,4,0,1,0,0,0,0,0,0,1,0,1,0,0,0,0,0,0,1,1,1,1,1,0,0,1,3,1,0,1,1,0,1,0,0,1,0,1,0,299,Sheba
5/14/2019 20:19,1,0,0,3,0,1,1,1,1,2,0,1,3,0,2,1,1,0,0,2,3,0,0,1,2,1,4,1,0,1,0,0,1,0,0,0,0,0,1,0,1,0,0,0,0,1,0,1,1,1,1,1,0,2,1,1,0,0,0,0,300,Sheba
5/14/2019 20:21,1,0,0,3,0,1,0,0,1,0,0,2,9,1,0,0,0,1,0,1,1,3,0,1,3,1,4,1,0,1,0,0,1,0,0,0,0,0,0,1,1,1,1,1,0,0,0,1,1,0,1,1,0,1,1,1,1,1,1,1,301,Sheba
5/14/2019 20:23,1,0,0,1,0,1,1,0,2,3,0,2,5,1,0,1,2,0,1,0,1,1,0,0,0,1,0,0,0,1,1,0,0,0,0,0,0,0,0,1,0,1,1,0,0,0,0,0,0,0,1,1,1,1,0,0,1,0,0,0,302,Sheba
5/14/2019 20:52,1,0,0,1,0,1,1,1,0,2,1,2,5,1,0,2,0,1,1,2,2,4,0,1,2,1,0,1,1,1,1,0,0,1,0,1,1,0,1,1,1,0,1,0,0,0,1,3,1,0,1,1,1,1,1,1,1,1,1,0,303,Sheba
5/14/2019 21:01,1,0,0,1,0,1,1,2,1,1,0,2,4,2,0,0,0,1,1,2,3,4,0,0,2,1,0,1,0,1,1,0,0,1,0,1,0,0,0,1,1,0,0,0,0,1,0,3,0,0,1,1,0,2,1,1,0,0,0,0,304,Sheba
5/14/2019 21:04,1,0,0,2,0,1,0,0,2,1,0,1,3,0,0,0,2,0,0,1,2,4,0,0,0,0,0,0,0,0,0,1,0,0,0,0,0,0,0,0,1,0,0,1,0,0,0,3,1,1,1,1,0,2,1,1,0,0,0,0,305,Sheba
5/14/2019 21:06,1,0,0,1,0,1,1,0,0,1,1,2,1,1,0,0,1,0,0,0,2,4,0,1,4,1,4,0,0,0,1,0,0,1,0,0,0,0,0,1,1,0,0,0,0,1,1,3,1,1,1,1,0,2,1,1,1,1,1,0,306,Sheba
5/14/2019 21:10,1,0,1,1,0,1,0,2,2,1,0,2,3,1,0,0,1,1,1,2,1,0,1,1,3,0,4,0,1,0,1,0,0,1,1,0,0,1,0,1,1,0,1,1,0,1,0,1,0,0,1,1,1,1,1,1,1,1,1,1,307,Sheba
5/14/2019 21:12,1,0,0,3,0,1,1,1,1,2,0,2,3,1,2,0,1,0,0,2,2,4,0,0,0,1,0,0,1,0,0,0,0,0,0,0,1,0,0,1,1,0,1,0,0,0,0,1,1,0,1,1,0,0,1,1,0,0,0,0,308,Sheba
5/14/2019 21:14,1,0,1,3,0,1,0,2,0,3,1,2,1,1,2,0,0,1,0,1,2,3,1,1,3,0,0,0,0,0,1,0,0,1,0,0,0,0,0,1,1,1,0,0,0,0,1,3,0,1,1,1,1,1,1,0,1,1,1,1,309,Sheba
5/14/2019 21:17,1,0,0,0,0,1,1,0,3,3,0,2,3,0,1,1,2,1,1,1,3,4,1,0,0,1,0,0,1,0,0,0,0,1,0,0,1,0,0,1,1,1,0,0,0,0,0,1,0,1,1,1,1,1,1,1,1,0,1,1,310,Sheba
5/15/2019 19:41,1,0,0,0,0,1,0,1,3,2,0,1,3,1,2,0,1,0,0,1,0,0,0,0,3,1,4,1,0,1,0,0,0,1,0,0,0,0,1,1,1,0,1,0,0,0,0,3,1,0,1,1,1,2,1,1,0,0,0,0,311,Sheba
5/15/2019 19:45,1,0,0,0,0,1,1,2,3,3,0,1,3,1,0,1,0,0,1,2,1,0,0,1,4,1,0,1,0,1,0,0,0,0,0,0,0,1,1,1,1,0,1,0,0,1,1,1,1,0,1,1,0,0,0,0,1,0,1,1,312,Sheba
5/15/2019 19:47,1,0,0,2,0,1,0,1,2,2,0,2,1,1,2,0,1,0,0,1,3,4,0,1,2,1,0,1,1,0,0,0,0,1,0,0,0,0,0,0,1,1,0,0,0,0,1,2,0,0,1,1,1,2,1,1,0,0,0,0,313,Sheba
5/15/2019 19:50,1,0,0,1,0,1,1,0,2,0,1,2,4,0,0,1,1,0,1,0,3,4,0,1,4,1,3,1,1,1,0,0,0,1,0,0,0,0,0,0,1,0,0,0,0,1,0,1,0,1,1,1,0,0,1,0,1,0,1,0,314,Sheba
5/15/2019 19:55,1,0,0,2,0,1,0,0,2,3,0,2,3,0,0,1,0,0,0,0,0,1,1,1,4,1,0,0,1,0,1,0,1,1,0,1,0,0,0,0,1,0,0,0,0,1,0,1,0,1,1,1,0,0,1,0,1,1,0,0,315,Sheba
5/15/2019 20:01,1,0,0,3,0,1,1,1,0,3,0,2,3,0,0,1,1,0,1,1,0,3,0,1,2,1,4,0,1,1,0,0,1,1,0,1,1,0,0,0,1,1,1,1,0,0,0,2,1,0,1,1,1,2,1,0,0,0,0,0,316,Sheba
5/15/2019 20:18,1,0,0,2,0,1,1,0,0,3,0,1,1,0,2,1,2,1,0,2,1,1,0,0,0,0,4,0,0,0,0,1,0,0,0,0,0,0,0,1,1,1,0,0,0,0,0,2,1,0,1,1,1,0,1,0,0,0,0,0,317,Sheba
5/15/2019 20:21,1,0,0,3,0,1,0,0,2,2,0,1,3,0,0,0,1,0,0,0,1,0,0,0,0,1,4,1,0,0,0,1,0,0,0,0,0,0,0,1,1,0,0,0,0,1,0,3,1,1,1,1,1,0,0,0,0,0,0,0,318,Sheba
5/15/2019 20:28,1,0,0,0,0,1,0,2,0,3,1,2,1,0,0,1,1,1,1,1,1,3,1,1,2,0,0,1,1,1,1,0,0,0,0,1,0,1,1,1,1,0,0,1,0,0,0,3,0,0,1,1,0,1,1,1,1,0,0,0,319,Sheba
5/15/2019 20:30,1,0,1,0,0,1,1,1,2,2,0,1,3,0,0,0,2,0,0,2,1,0,0,0,2,0,4,0,0,0,0,1,0,0,1,0,0,1,0,1,1,0,0,0,0,1,0,1,1,1,1,1,1,0,1,0,1,0,0,0,320,Sheba
5/21/2019 23:36,1,0,0,2,0,1,1,1,3,3,0,2,3,0,1,0,0,0,1,1,3,1,0,0,1,1,3,1,1,0,0,0,1,0,0,0,0,0,0,0,1,0,1,0,0,0,0,1,1,0,1,1,1,1,1,1,0,0,0,0,321,Other:
5/21/2019 23:41,1,0,0,1,0,1,1,1,2,2,0,1,3,0,2,0,0,0,1,1,3,0,0,1,4,1,4,1,1,0,0,0,1,0,0,0,0,0,0,1,1,0,1,0,0,0,0,3,0,1,1,2,0,1,1,1,0,0,0,0,322,Other:
5/21/2019 23:45,1,0,0,1,0,1,0,1,3,3,0,1,5,0,2,0,1,0,0,1,3,1,0,0,4,1,4,1,1,0,0,0,1,0,0,0,0,0,0,0,0,0,1,0,0,0,0,1,0,0,1,2,1,1,0,1,0,0,0,0,323,0
5/21/2019 23:58,1,0,0,2,0,1,0,1,2,3,0,2,3,0,2,0,1,0,1,1,3,4,0,1,2,1,3,1,0,1,0,0,1,0,0,0,0,0,0,0,1,0,1,1,0,0,0,3,1,0,1,1,1,1,1,1,1,0,0,0,324,Promises
5/22/2019 10:13,1,0,0,2,0,1,1,0,0,2,0,1,3,0,2,0,1,0,0,2,2,4,0,1,2,1,0,0,1,0,1,0,1,1,1,1,0,0,1,0,1,0,0,0,0,1,0,3,1,1,1,1,0,2,1,1,0,0,0,0,325,Promises
5/22/2019 10:15,1,0,0,3,0,1,1,1,0,1,0,1,1,0,2,0,0,0,0,0,2,0,0,1,2,0,4,0,0,0,1,0,0,0,0,1,0,0,0,1,1,0,0,1,0,0,1,1,1,1,1,1,1,1,1,1,1,0,1,0,326,Promises
5/22/2019 10:18,1,0,1,1,0,1,1,2,0,1,1,1,1,0,2,2,0,1,0,1,3,1,1,1,2,1,4,0,0,0,1,0,0,1,0,0,1,1,0,0,1,1,0,1,0,0,0,3,1,1,1,1,1,2,1,1,1,0,0,0,327,Promises
5/22/2019 10:21,1,0,1,3,0,1,1,0,0,0,0,2,1,1,0,2,1,1,1,1,1,3,0,0,0,0,4,1,1,1,0,0,0,0,0,1,0,1,1,1,1,0,1,0,0,0,0,1,1,1,1,2,0,1,1,0,1,1,1,0,328,Promises
5/22/2019 10:25,1,0,0,3,0,1,1,0,0,1,0,1,3,0,0,2,0,0,0,0,3,1,0,1,1,1,4,1,0,1,0,0,0,1,0,0,0,0,0,1,1,1,0,0,0,0,0,2,0,1,2,1,0,1,1,1,1,0,1,1,329,Promises
5/22/2019 10:34,1,0,1,3,0,1,1,0,0,0,1,1,4,0,0,2,0,1,1,2,1,3,0,1,2,0,0,1,0,0,0,1,0,0,0,1,0,0,0,0,1,0,1,0,0,0,1,1,1,0,1,1,0,1,1,1,1,0,1,0,330,Promises
5/22/2019 10:37,1,0,1,3,0,1,0,1,0,3,0,2,1,1,2,0,1,0,0,2,0,2,0,0,0,1,0,0,1,1,1,0,1,1,0,0,0,0,0,1,1,0,1,0,0,1,0,1,0,0,1,1,0,2,1,0,0,0,0,0,331,Promises
5/22/2019 18:27,1,1,0,3,0,0,1,0,2,3,0,1,3,2,1,0,0,0,1,0,0,3,0,0,0,0,0,0,1,0,0,0,0,0,0,0,0,0,0,0,0,1,1,1,0,0,0,1,1,0,1,1,1,2,0,1,1,0,0,0,332,Promises
5/24/2019 23:52,1,0,0,3,0,1,0,0,1,2,0,2,3,1,2,0,0,1,1,1,2,4,0,0,0,0,4,0,0,1,0,0,1,0,0,0,0,1,0,1,1,0,1,0,0,0,0,1,1,0,0,2,0,0,1,1,0,0,0,0,333,SUST
5/24/2019 23:56,0,0,0,2,0,1,1,1,2,2,1,2,3,1,2,0,1,1,1,1,2,3,0,1,3,0,4,0,1,1,0,0,1,1,0,1,0,0,0,1,0,0,0,0,0,0,0,0,0,0,1,1,1,2,0,0,0,0,0,0,334,SUST
5/25/2019 0:03,1,0,0,3,0,0,1,1,2,2,0,2,3,2,2,0,1,1,0,1,2,4,0,0,0,0,4,0,0,0,0,1,1,0,0,0,0,0,0,0,1,0,0,0,0,1,0,2,1,0,1,2,0,0,0,0,0,0,0,0,335,SUST
5/25/2019 0:04,1,0,0,3,0,1,0,0,0,1,0,2,3,0,2,0,2,0,0,1,2,4,0,0,0,0,0,0,0,1,0,0,0,0,0,0,0,0,0,0,0,0,0,0,0,0,0,1,0,0,1,2,0,0,0,0,0,0,0,0,336,SUST
5/25/2019 0:06,1,0,0,2,0,1,0,0,2,2,0,1,3,0,2,0,0,1,1,2,2,4,0,1,1,1,4,1,1,1,0,0,1,1,0,1,0,1,0,1,1,0,0,0,0,1,0,3,1,0,1,1,1,1,1,0,0,0,0,0,337,SUST
5/25/2019 0:12,0,0,0,3,0,1,1,0,3,2,1,1,3,0,2,0,2,0,0,0,2,1,0,0,0,0,1,0,0,1,1,0,1,1,0,0,0,0,0,0,0,0,0,0,0,0,0,0,1,0,2,2,0,2,0,0,0,0,0,0,338,SUST
5/25/2019 0:19,1,0,0,3,0,1,0,0,1,2,0,2,3,0,2,0,0,0,1,1,2,4,0,0,0,1,0,1,1,0,0,0,1,0,0,0,0,0,0,1,1,0,1,0,0,1,0,2,0,0,1,1,0,0,0,0,0,0,0,0,339,SUST
5/25/2019 0:20,1,0,0,3,0,1,0,0,1,3,0,2,8,0,2,0,0,1,0,0,2,4,0,0,0,0,0,1,1,1,0,0,1,0,0,0,0,0,0,1,0,0,0,0,0,1,0,2,1,0,1,1,0,0,0,0,0,0,0,0,340,SUST
5/25/2019 0:21,1,0,0,3,0,1,0,0,2,2,0,2,3,0,2,0,1,0,0,1,2,4,0,0,0,1,0,1,0,0,1,0,0,1,0,1,0,0,0,0,0,0,0,0,0,1,0,1,1,0,2,2,0,2,1,0,0,0,0,0,341,SUST
5/25/2019 0:35,1,0,0,3,0,0,0,2,3,2,0,1,3,1,2,0,2,0,1,1,2,4,0,0,0,0,0,1,1,1,1,0,1,1,0,1,0,0,0,1,1,0,1,0,0,0,0,2,0,0,1,1,0,1,1,1,1,0,0,0,342,SUST
5/25/2019 0:36,0,0,0,3,0,1,0,0,0,2,0,2,8,1,2,0,1,0,0,1,2,4,0,0,0,0,0,0,1,0,0,0,0,0,0,0,0,0,0,0,0,0,0,0,0,0,0,0,0,0,0,1,0,0,0,0,0,0,0,0,345,SUST
5/25/2019 0:45,1,0,1,3,0,1,1,0,2,3,0,2,3,1,2,0,0,1,1,1,2,4,0,0,0,0,4,0,1,1,1,0,1,1,0,1,0,1,0,0,1,0,0,0,0,1,0,1,1,0,1,1,0,1,0,1,0,0,0,0,344,SUST
5/25/2019 1:40,0,0,0,3,0,0,1,0,3,2,1,2,3,0,2,0,0,0,1,1,2,4,0,0,0,1,0,0,1,0,0,0,0,1,0,0,0,0,0,0,0,0,0,0,0,0,0,0,0,0,2,1,0,0,0,0,0,0,0,0,345,SUST
5/25/2019 12:03,1,0,0,3,0,0,0,0,1,2,0,2,3,0,2,0,2,0,1,1,2,4,0,0,0,1,0,0,1,0,0,0,0,0,0,0,0,1,1,0,1,0,1,0,0,1,0,1,1,0,1,1,1,0,0,0,0,0,0,0,346,SUST
5/25/2019 13:13,1,0,0,3,0,1,0,0,1,2,0,1,3,1,2,0,0,1,1,1,2,4,0,1,4,1,4,0,1,1,1,0,0,1,0,0,1,0,0,1,1,0,1,0,0,1,0,1,0,0,1,1,0,2,0,0,0,0,0,0,347,SUST
5/25/2019 14:32,1,0,0,3,0,1,0,1,0,2,0,2,3,1,2,0,0,1,1,1,2,0,0,1,3,1,4,0,1,1,0,0,1,1,0,1,0,0,0,1,1,1,1,1,1,1,0,1,1,1,1,1,0,2,1,1,0,0,0,0,348,SUST
5/25/2019 19:57,1,0,1,3,0,1,1,2,2,3,0,1,3,1,2,0,2,1,0,1,2,4,0,1,2,1,4,1,1,1,1,0,1,1,0,1,0,0,0,1,1,0,0,0,0,1,0,1,1,0,1,1,0,2,0,1,0,0,0,0,349,SUST
5/26/2019 23:42,0,0,1,3,0,1,0,0,1,2,0,1,3,1,0,0,0,0,0,0,2,4,0,0,0,0,0,0,1,0,0,0,1,0,0,0,0,1,0,0,0,0,0,0,0,0,1,0,0,0,1,1,0,0,0,0,0,0,0,0,350,SUST
5/26/2019 23:47,1,0,0,3,0,1,1,0,3,3,0,2,3,1,2,0,2,1,0,1,2,0,0,1,3,1,0,0,0,0,0,1,0,0,0,0,0,0,0,1,1,0,0,0,0,1,0,1,0,0,1,2,0,2,1,0,0,0,0,0,351,SUST
5/26/2019 23:48,1,0,0,2,0,1,0,1,2,2,1,2,3,1,2,0,0,1,1,1,2,4,0,0,0,0,0,0,0,0,1,0,0,0,0,0,0,0,0,1,1,0,0,0,0,1,0,1,0,0,1,1,0,0,0,0,0,0,0,0,352,SUST
5/26/2019 23:49,1,0,0,3,0,1,0,1,1,2,1,2,3,0,2,0,0,1,1,1,2,1,0,0,0,1,0,1,1,1,1,1,1,1,0,1,0,1,0,1,1,0,1,0,0,1,0,1,1,0,1,1,0,1,0,1,0,0,0,0,353,SUST
5/26/2019 23:51,1,0,0,2,0,3,1,0,2,2,0,1,3,1,2,0,0,0,1,2,2,0,0,0,0,0,0,0,1,0,0,0,1,0,0,0,0,0,0,0,1,0,1,0,0,0,0,3,0,0,2,1,0,0,0,0,0,0,0,0,354,SUST
5/26/2019 23:57,1,0,0,3,0,1,1,0,0,2,1,2,3,0,2,0,0,0,1,0,2,4,0,0,0,0,0,0,0,0,0,1,0,0,0,1,1,0,0,1,1,0,1,0,0,0,0,1,1,1,1,1,0,2,0,0,1,0,0,0,355,SUST
5/26/2019 23:57,1,0,1,3,0,0,1,1,0,1,1,1,3,1,1,0,0,1,1,2,2,4,0,1,1,1,4,0,1,0,0,0,0,1,0,0,0,1,0,0,1,0,1,0,0,1,0,1,1,0,1,1,0,1,1,1,0,0,0,0,356,SUST
5/26/2019 23:59,1,0,0,3,0,0,0,0,1,2,0,1,3,1,2,0,0,1,1,1,2,3,0,1,3,1,0,0,1,0,1,1,1,1,0,0,0,1,0,1,1,0,1,0,0,1,0,1,0,0,2,1,1,2,0,0,0,0,0,0,357,SUST
5/26/2019 23:59,1,0,0,3,0,1,0,0,1,2,0,1,3,1,2,0,0,0,0,1,2,0,0,0,0,1,4,0,0,1,0,0,0,0,0,1,1,0,0,1,1,0,1,0,0,0,0,1,0,0,1,1,0,1,0,0,0,0,0,0,358,SUST
5/27/2019 0:08,1,0,0,3,0,1,0,0,1,2,0,2,3,1,2,0,2,1,0,1,2,3,0,0,3,0,4,0,0,1,0,0,0,0,0,0,0,0,0,0,1,0,0,0,0,1,0,1,1,0,1,1,0,0,0,1,0,0,0,0,359,SUST
5/27/2019 0:28,1,0,0,3,0,1,1,0,2,2,0,2,3,1,2,0,0,1,0,1,2,0,0,0,0,0,0,0,0,1,0,0,1,1,0,0,1,1,0,1,1,0,1,0,0,0,0,1,1,0,1,1,0,0,0,0,0,0,0,0,360,SUST
5/27/2019 0:46,0,0,0,3,0,1,0,0,1,1,0,2,3,1,2,0,0,1,0,2,2,4,0,0,0,0,0,0,0,1,0,0,0,1,0,0,0,0,0,1,1,0,0,0,0,0,0,0,1,1,1,1,0,2,0,0,0,0,0,0,361,SUST
5/27/2019 0:53,0,0,0,3,0,1,0,1,1,2,0,2,3,1,2,0,0,0,0,0,2,0,0,0,0,0,4,0,0,1,0,0,0,1,0,0,0,0,0,0,0,0,0,0,0,0,0,0,0,0,2,1,0,0,0,0,0,0,0,0,362,SUST
5/27/2019 1:19,0,0,0,3,0,1,1,0,2,2,0,2,3,1,2,0,0,0,0,0,2,4,0,1,3,1,4,1,1,0,0,0,1,0,0,0,0,0,0,1,0,0,0,0,0,0,0,0,1,0,1,1,1,1,1,0,0,0,0,0,363,SUST
5/27/2019 1:34,1,0,0,3,0,1,0,1,2,2,0,2,3,2,2,0,2,1,0,1,2,4,0,1,3,0,4,0,1,1,0,1,1,0,0,1,0,0,0,1,1,0,1,0,0,1,0,2,0,0,2,2,0,0,0,1,0,0,0,0,364,SUST
5/27/2019 3:30,1,0,0,3,0,1,0,0,0,3,0,2,3,2,0,0,0,1,1,1,0,1,0,1,3,0,4,0,0,1,1,0,0,1,1,1,0,1,1,1,1,1,1,0,0,1,0,1,0,1,1,2,0,2,0,0,1,0,0,0,365,SUST
5/27/2019 13:28,1,0,0,3,0,1,0,0,2,2,0,2,3,1,2,0,0,1,1,0,2,3,0,1,1,1,4,0,0,0,0,1,0,0,0,1,0,0,0,1,0,0,0,0,0,1,0,3,0,0,1,1,0,0,0,0,0,1,0,0,366,SUST
5/27/2019 14:28,1,0,0,3,0,1,0,0,2,2,0,1,3,1,2,0,1,0,0,1,2,2,0,0,0,1,4,0,0,1,0,0,0,1,0,0,0,0,0,0,1,0,0,0,0,1,0,2,0,0,1,2,0,2,0,0,0,0,0,0,367,SUST
5/27/2019 18:06,1,0,0,3,0,1,1,0,1,1,0,2,3,0,2,0,2,0,1,2,2,4,0,0,0,1,4,1,1,0,0,0,1,0,0,0,0,1,1,1,1,0,1,0,0,1,0,1,0,0,2,1,0,0,0,0,0,0,0,0,368,SUST
5/31/2019 16:48,0,0,0,2,0,1,0,0,1,2,0,1,3,0,0,0,2,0,0,2,2,0,0,1,3,1,4,1,1,1,0,0,1,0,0,1,1,1,0,1,1,0,1,0,0,0,0,0,0,0,0,1,0,0,0,1,0,0,0,0,445,BRACU
5/31/2019 16:52,0,0,0,2,0,1,1,0,1,3,0,1,3,0,0,0,1,0,1,1,2,1,0,0,1,1,4,0,1,0,0,0,1,0,0,0,0,1,0,0,1,0,0,0,1,0,0,2,1,0,2,2,0,2,0,0,0,0,0,0,446,BRACU
5/31/2019 16:56,0,1,1,2,0,1,0,0,0,2,0,2,4,0,0,0,1,0,0,1,2,4,0,0,4,0,4,0,0,0,0,1,0,0,0,0,0,0,0,0,0,0,0,0,0,0,0,0,0,0,0,0,0,0,0,0,0,0,0,0,447,BRACU
5/31/2019 16:58,0,1,1,2,0,1,0,0,0,2,0,1,4,0,2,0,0,1,0,1,2,4,0,0,4,0,0,0,0,0,0,1,0,1,0,0,0,0,0,0,0,0,0,0,0,0,0,3,0,0,0,0,0,0,0,1,0,0,0,0,448,BRACU
5/31/2019 17:01,0,1,0,3,0,1,1,0,0,1,0,1,4,0,0,0,0,0,0,0,2,4,0,0,4,0,4,0,0,1,0,0,0,1,0,0,0,0,0,1,0,0,0,0,0,0,0,0,1,0,0,0,0,0,0,0,0,0,0,0,449,BRACU
5/31/2019 17:03,0,0,0,3,0,1,0,0,0,2,0,1,3,0,2,0,2,1,0,0,2,4,0,1,4,1,4,0,0,1,0,0,1,0,0,0,0,0,0,1,0,0,0,0,0,0,0,0,1,0,0,1,0,0,0,0,0,0,0,0,450,BRACU
5/31/2019 17:06,0,1,0,2,0,1,0,0,2,2,1,1,3,1,2,0,2,0,0,0,2,4,0,0,4,1,0,1,1,1,1,0,1,0,0,0,0,0,0,1,0,0,0,0,0,0,0,1,0,0,0,0,0,0,0,0,0,0,0,0,451,BRACU
5/31/2019 17:08,0,0,0,3,0,1,1,0,0,1,0,2,3,1,2,0,0,1,0,0,2,4,0,0,4,0,0,0,1,1,0,0,0,0,0,1,0,0,0,0,1,0,0,0,1,0,1,2,0,0,2,1,0,0,0,0,0,0,0,0,452,BRACU
5/31/2019 17:15,0,0,0,3,0,1,0,1,3,2,0,1,3,1,2,0,0,1,1,2,2,0,0,1,3,0,4,1,1,0,0,0,0,0,0,1,1,0,0,0,0,0,0,0,0,1,0,0,1,0,2,1,0,0,0,1,0,0,0,0,453,BRACU
5/31/2019 17:18,0,0,1,2,0,1,1,0,0,1,1,2,3,2,2,0,0,1,0,1,2,4,0,1,1,1,4,1,0,1,0,0,0,1,0,1,0,0,0,1,0,0,0,0,0,1,0,0,1,0,2,2,0,2,1,1,0,0,0,0,454,BRACU
5/31/2019 17:21,0,0,1,3,0,1,1,0,1,1,0,2,3,1,2,0,0,0,0,1,2,2,0,0,4,1,4,0,1,0,1,0,0,1,0,0,1,0,0,1,0,0,0,0,0,0,0,0,1,0,0,1,0,0,0,0,1,0,0,0,455,BRACU
5/31/2019 17:23,0,1,0,3,0,0,1,0,3,2,0,2,3,0,2,0,2,0,0,1,2,4,0,0,4,0,4,0,0,0,0,1,0,0,0,0,0,0,0,0,0,0,0,0,0,0,0,0,0,0,0,0,0,0,0,0,0,0,0,0,456,BRACU
5/31/2019 17:27,0,1,1,3,0,1,1,0,2,3,0,1,3,0,0,0,2,0,0,0,2,4,0,0,4,1,0,0,0,1,0,0,0,0,0,0,0,0,0,0,0,0,0,0,0,0,0,0,0,0,0,0,1,0,0,0,0,0,0,0,457,BRACU
5/31/2019 17:31,0,1,1,3,0,1,1,0,3,2,1,1,3,0,2,0,2,0,0,1,2,4,0,1,1,1,0,0,0,1,0,0,1,0,0,0,0,0,0,1,0,0,0,0,0,0,0,0,0,0,0,2,0,0,0,0,0,0,0,0,458,BRACU
5/31/2019 17:34,0,1,1,1,0,1,1,1,0,2,0,2,3,0,0,0,2,0,0,0,2,4,0,1,1,1,4,0,1,1,1,0,0,0,1,0,0,1,1,1,0,0,0,0,0,0,0,0,1,0,0,0,0,0,0,0,0,0,0,0,459,BRACU
5/31/2019 17:37,0,0,0,1,0,1,1,0,0,3,0,2,3,0,0,0,2,0,1,2,2,1,0,0,4,0,0,0,0,0,0,0,0,0,0,0,0,0,0,1,0,0,0,0,0,0,0,0,1,0,0,0,0,0,0,0,0,0,0,0,460,BRACU
5/31/2019 17:40,0,1,1,3,0,1,1,0,1,2,0,1,3,0,2,0,2,0,0,0,2,4,0,1,4,1,0,0,0,0,1,0,0,0,0,1,0,0,0,0,0,0,0,0,0,0,0,0,1,0,0,0,0,0,0,0,0,0,0,0,461,BRACU
5/31/2019 17:41,0,1,1,2,0,1,1,0,2,3,0,1,3,0,2,0,2,0,0,0,2,4,0,0,4,1,1,0,0,0,0,0,0,0,0,0,0,0,1,0,0,0,0,0,0,0,0,0,1,0,0,0,0,0,0,1,0,0,0,0,462,BRACU
5/31/2019 17:44,0,1,1,3,0,1,1,1,1,3,0,1,3,0,2,0,0,0,0,0,0,1,0,1,3,0,4,0,0,1,0,0,1,0,0,0,0,0,1,1,0,0,0,0,0,0,0,0,0,0,0,2,0,0,0,0,0,0,0,0,463,BRACU
5/31/2019 17:47,0,1,1,3,0,0,1,0,2,0,0,1,3,0,0,0,2,0,0,0,2,4,0,0,4,0,0,0,0,0,0,0,0,0,0,0,0,0,0,1,0,0,0,0,0,0,0,0,0,0,0,0,0,0,0,0,0,0,0,0,465,BRACU
5/31/2019 17:49,0,1,1,3,0,1,1,1,3,3,0,1,3,0,0,1,0,0,0,2,2,1,0,1,1,1,4,1,0,1,0,0,1,0,0,0,1,1,1,0,0,0,0,0,1,0,0,1,1,0,0,0,0,2,0,0,0,0,0,0,466,BRACU
5/31/2019 17:51,0,1,1,3,0,1,0,0,3,1,0,2,3,0,0,0,2,0,0,1,1,0,0,1,1,1,4,0,0,1,0,0,0,1,0,0,0,0,0,1,0,0,0,0,0,0,0,1,0,0,0,2,0,0,0,1,0,0,0,0,467,BRACU
5/31/2019 17:52,0,1,1,3,0,1,1,0,0,2,0,1,1,0,0,0,2,0,0,0,2,4,0,0,4,1,0,0,0,0,1,0,0,0,0,0,0,0,0,1,0,0,0,0,0,0,0,0,0,0,0,0,0,0,0,0,0,0,0,0,468,BRACU
