Timestamp,Gender,2. In which medium did you study in School/College?,"3. What is your educational qualification?		",Nationality,Religion,6. How many members do you have in your family?,7. How is your relationship with your family members?,8.  What is the range of you Family Income?,9. Amount of money your parent(s) give you daily?,10. Is there any addiction in your family of origin?,11. How many friends do you have?,12. Most of your friends belong to :,13. Do you often stay at friendâ€™s house?,14. Do you borrow money from your friends?,15. What is your marital / relationship status?,16. Have you ever broken up?,17. Do you like to stay out at night? ,18. Do you live with someone who has a habit of using alcohol / substance*?,19. With whom do you like to spend most of your time?,20. What is your occupation?,"21. If you have a job / business, what is the range of your monthly average income?",22. Do you have any type of illegal income?,23. Do you face any problem in workplace / education?,"23(A). If yes, do you face any of the following problems?","24. Do you occasionally feel sick or weak?	",25. Do you have any of the following diseases that are causing disruption in your life?,26. Do you think you have failed in your life? (Think yourself worthless),27. Have you ever suffered from the following mental/emotional problem?,28. Identify the following problems that you have suffered for a significant period of time:,29. Does anyone of your family have mental health related issues?,30. Do you ever have suicidal thoughts?,31. Have you ever attempted to commit suicide?,"32. Do you find it difficult to maintain routine? (For example, Daily sleeping early, eating breakfast timely, attending regular work etc.)","33. Have you ever used any substance without the permission of the doctor? (For example, sleeping pills, alcohol etc.)","34. If yes, then what type of substance it was among the ones given below:","35. In your childhood, did any of your family members use substance?",36. Specify your age when you used substance for the first time (If you did),37. Have you ever hurt anyone or yourself due to anger or losing self-control?,38. Have you ever consulted any doctor for using any substance / alcohol?,39. Do you smoke?,40. How many of your friends smoke?,41. Do your friends influence you to engage in drug / smoke?,42. Do you face any withdrawal symptoms when you try to control or stop smoking / using drug for a few days?,43. Did you sometimes fail to fulfill your social or familial duties because of being engaged in using any substance?,44. Have you ever taken money from your parents without letting them know?,45.Have you ever been arrested by police?,46. Is there any case/lawsuit going on court against you?,47. Have you ever been arrested for keeping any drug/substance?,48. Have you ever been arrested for selling or dealing drug/substance?,Flag,ID
5/7/2019 20:40,0,0,2,0,1,1,1,1,3,0,1,0.5,0,0.5,1,2,0,1,0,1,0.75,0,1,3,1,4,0,0.75,0.5,0,0,1,1,1,1,0,2,1,0,1,0.5,1,0.5,1,0,0,0,0,0,1,75
5/7/2019 20:44,0,0,1,0,1,1,0.5,1,3,0,0.5,0.5,0,0.5,0,2,0,1,0,1,0.75,0,1,0,1,4,1,0.25,0.5,0,0,0,0,0,1,1,2,1,0,1,1,1,0.5,1,0,0,0,0,0,1,76
5/7/2019 20:47,0,0,0,0,1,1,1,3,2,0,0.5,0.5,0.5,0,1,2,0,0,2,0,0.25,1,1,0,1,1,1,1,0.5,1,1,1,1,1,0.6,0,1,1,1,1,1,1,1,1,1,0,1,1,1,1,77
5/7/2019 20:50,0,0,2,0,1,1,1,2,2,0,0,0.5,0.5,0,1,2,1,0,2,3,0.25,1,1,0,1,4,0,0.25,0.5,1,0,1,0,0,1,0,1,0,1,1,0.5,0,0.5,1,1,1,1,1,1,1,78
5/7/2019 20:52,0,0,2,0,1,1,1,1,2,0,0.5,0.5,0,0.5,1,2,0,0,2,1,0.5,0,0,4,1,4,0,0.5,0.75,0,0,0,1,1,1,0,1,1,0,1,1,0,0.5,1,0,1,1,1,0,1,79
5/7/2019 22:06,0,0,2,0,1,1,0.5,2,2,1,1,0.5,0,0,0,2,0,1,2,2,0,0,1,3,0,0,1,1,0.25,0,1,0,1,1,0.2,0,3,1,1,1,1,1,0.5,0,1,1,0,1,0,1,236
5/7/2019 22:09,0,0,1,0,1,1,1,2,3,1,1,0.5,0,0.5,1,2,0,1,0,3,1,0,0,4,1,0,0,0.5,0,0,0,0,1,1,0.6,1,2,0,0,1,1,0,0,0,0,1,0,0,0,1,237
5/7/2019 22:12,0,0,2,0,1,1,0.5,2,3,1,0.5,1,0,0.5,0,2,1,1,1,1,0.25,0,1,0,1,4,0,0.75,0.25,0,0,0,1,1,2.2,0,1,1,1,1,1,1,1,1,1,1,0,1,0,1,238
5/7/2019 22:15,0,0,2,0,1,1,1,1,1,0,1,0.5,0.5,0.5,0,1,0,0,2,2,0,0,0,4,0,4,0,0.25,0.75,0,0,0,0,1,1.6,0,3,1,1,1,1,1,0.5,1,1,1,0,1,0,1,239
5/7/2019 22:18,0,0,1,0,1,1,1,0,1,1,1,1,0,0,1,0,0,0,0,1,1,0,1,0,1,0,0,0.5,0.25,0,0,0,1,1,0.4,1,1,0,0,1,1,0,0,0,0,1,1,1,0,1,240
5/7/2019 22:21,0,0,0,0,1,0,1,3,3,0,0.5,0.5,0,1,1,2,0,0,0,0,0.25,0,1,3,0,4,1,0.25,0.75,0,0,0,1,0,1,0,1,0,1,1,1,1,1,1,0,1,1,1,1,1,241
5/7/2019 22:26,0,0,3,0,1,1,0.5,1,1,0,1,1.75,1,1,0,1,1,1,1,2,0,0,1,2,1,4,1,1.75,1.5,0,0,0,1,1,1.6,0,1,1,1,1,1,1,0.5,1,1,1,0,1,0,1,242
5/7/2019 22:29,0,0,2,0,1,1,1,2,0,0,1,0.5,0.5,0.5,0,2,0,1,2,2,0.25,0,1,0,1,4,1,1,0.25,0,1,1,1,1,1.2,0,3,1,1,1,1,0,0.5,0,0,0,0,0,0,1,243
5/7/2019 22:32,0,0,3,0,1,1,0.5,2,2,0,0.5,0.5,0,0,1,2,0,0,0,1,0.5,0,0,4,0,4,0,0.25,0,0,0,0,0,1,1,0,2,1,1,1,1,0,0,0,0,1,0,0,0,1,244
5/7/2019 22:35,0,0,2,0,1,0,1,2,2,0,0.5,0.5,0.5,0,0,1,1,0,1,2,0.25,0,1,0,1,4,1,0.75,0.5,0,0,0,1,1,1,0,1,1,0,1,1,1,0,0,1,0,0,0,0,1,245
5/7/2019 22:38,0,0,3,0,1,1,1,2,3,0,1,0.5,0,0.5,1,2,0,0,2,0,1,0,1,2,1,4,1,0.75,0.5,0,0,0,0,1,1.2,0,1,1,0,1,1,0,1,1,0,0,0,0,0,1,246
5/7/2019 22:42,0,0,1,0,1,0,0.5,2,3,0,0.5,0.5,0,0,1,2,0,0,1,3,0,1,1,2,1,0,1,1,2.25,0,0,0,1,0,2.2,0,1,1,0,0.5,0.5,1,0.5,1,0,0,0,0,0,1,247
5/7/2019 22:45,0,0,2,0,1,1,1,1,2,1,1,0.5,0.5,0.5,0,0,1,1,1,2,0.5,1,1,0,1,4,1,1,0.5,0,1,1,0,1,3,1,3,1,1,1,1,1,0.5,1,1,1,0,1,0,1,248
5/7/2019 22:47,0,0,1,0,1,1,0,2,3,0,1,0.5,0.5,0.5,0,2,1,1,1,2,0,0,0,4,0,4,0,0.5,0.5,0,0,0,0,1,0.2,0,3,1,0,1,1,0,0.5,1,1,1,1,0,0,1,249
5/8/2019 9:49,0,0,3,0,1,0,1,0,1,0,0.5,0.5,0,0,1,2,0,0,0,1,1,0,1,1,0,4,0,0.75,0.25,0,0,0,0,1,1,0,2,0,0,1,1,0,0.5,0,0,0,1,0,0,1,250
5/8/2019 9:53,0,0,3,0,1,1,0.5,0,2,0,0.5,0.5,0,0.5,1,0,0,1,0,2,0,0,0,4,1,0,0,0.75,1,1,0,1,0,1,0.6,1,2,0,1,1,0.5,0,0,1,1,0,0,0,0,1,251
5/8/2019 9:55,0,0,2,0,1,0,0,0,3,0,1,0.5,0,0.5,1,2,0,0,0,1,1,0,1,1,1,4,1,0.75,1,0,0,1,1,1,1,0,2,1,0,1,1,0,1,1,1,0,0,1,0,1,252
5/8/2019 9:58,0,0,1,0,1,0,1,1,3,0,0.5,0.5,0.5,0,1,2,0,0,0,1,0.75,0,1,0,1,4,0,0.75,0.5,0,0,0,0,1,1,0,2,1,0,1,1,0,0.5,0,0,1,0,0,0,1,253
5/8/2019 10:01,0,0,1,0,1,1,1,2,2,0,0.5,0.5,0,0,1,2,0,0,0,3,0.75,0,1,2,1,4,0,0.75,0.5,0,0,0,0,1,1,0,2,0,1,1,1,0,0,1,0,0,0,0,0,1,254
5/9/2019 11:55,0,0,2,0,1,1,1,3,2,0,1,0.25,0,1,0,0,1,0,1,2,0.5,0,0,1,0,4,0,0.25,0.5,0,0,0,0,1,0.4,0,1,1,0,1,1,1,0,1,1,1,1,1,1,1,255
5/9/2019 11:58,0,0,0,0,1,1,1,3,3,0,0.5,0.5,1,0.5,1,1,1,1,1,1,0.25,0,1,0,1,4,0,0.75,0.5,0,0,1,1,1,0.4,1,2,0,0,1,1,1,1,1,1,1,0,0,0,1,256
5/9/2019 12:01,0,0,3,0,1,1,1,0,3,0,0.5,0.5,0,0.5,1,1,0,0,0,0,1,0,1,4,1,4,0,1.75,0.75,0,0,0,0,1,1,1,1,1,0,0,1,0,0,1,0,0,0,0,0,1,257
5/9/2019 12:03,0,1,2,0,1,1,0.5,0,0,0,0.5,1,0.5,0,2,1,1,0,1,1,1,0,0,4,0,4,1,0.25,0.5,0,0,0,1,1,2,0,1,0,1,1,1,0,0,1,0,1,1,1,0,1,258
5/9/2019 12:07,0,1,2,0,1,0,0.5,1,1,1,1,1.75,0.5,0,0,1,1,1,1,1,0.75,1,1,2,0,4,0,0.5,0.25,1,1,1,1,1,2,1,3,1,1,1,1,1,0.5,1,1,0,0,0,0,1,259
5/9/2019 12:10,0,0,2,0,1,1,1,1,3,0,0,0.5,0,0,0,0,0,0,2,2,0.75,0,0,4,1,4,0,0.75,0.75,0,0,0,0,1,0.2,0,3,0,1,0,1,0,0.5,0,0,0,0,0,0,1,260
5/9/2019 12:19,0,0,1,0,1,1,1,0,0,0,0,0.5,0,0,1,2,0,0,0,3,0.25,0,1,1,0,4,0,0.5,0.25,0,0,0,1,1,1,0,3,0,0,1,1,1,0.5,1,1,1,1,1,1,1,270
5/9/2019 12:23,0,0,2,0,0,0,0,0,0,0,0,0.5,0,0.5,1,2,0,0,0,3,0.25,0,1,2,1,4,0,0.75,0.5,0,0,0,1,1,0.4,0,1,0,0,1,0.5,1,1,1,0,0,0,0,0,1,271
5/9/2019 12:26,0,0,3,0,1,1,1,0,3,1,1,0.5,0,0,1,2,0,0,1,1,1,0,1,3,1,4,0,0.5,0.75,0,0,0,0,1,1,1,1,1,0,1,1,1,0.5,1,1,0,0,0,0,1,272
5/11/2019 9:29,0,0,2,0,1,1,1,0,1,0,1,0.5,0,0,1,2,0,0,2,3,0.75,0,1,1,0,4,0,0.25,0.25,0,0,0,0,1,0.2,0,2,1,0,0.5,1,0,0,0,0,0,0,0,0,1,273
5/11/2019 9:34,0,0,3,0,1,0,1,0,2,0,0.5,1,0,0,1,0,0,1,0,1,0.75,0,1,0,0,4,0,0.5,0.75,0,0,0,0,1,0.6,0,2,1,0,1,1,0,1,1,1,1,0,0,0,1,274
5/11/2019 9:37,0,0,2,0,1,0,1,1,2,0,0.5,1,0,0,0,0,0,0,0,3,1,0,1,0,1,1,1,1,0.5,1,0,0,0,1,0.4,1,3,1,1,1,1,1,0.5,1,1,0,0,0,0,1,275
5/11/2019 9:41,0,0,2,0,1,1,1,0,3,0,0,0.5,0,0,1,1,0,0,0,0,0.25,0,0,4,0,0,0,0.25,0.75,0,0,0,0,1,1,0,1,0,1,1,1,0,1,1,1,1,0,1,0,1,276
5/11/2019 9:43,0,0,3,0,1,0,0.5,2,2,0,0.5,0.5,0.5,0.5,0,0,1,1,2,1,0.75,0,0,4,1,0,0,0.75,0.5,0,0,1,1,1,0.6,0,3,1,0,1,1,0,1,1,1,1,0,1,0,1,277
5/11/2019 9:47,0,0,3,0,1,0,0.5,2,2,1,0.5,0.5,1,0.5,2,0,1,1,1,1,0.75,0,0,4,1,0,0,1.25,0.5,0,0,1,1,1,0.6,0,3,1,0,1,1,1,0,1,1,1,0,1,0,1,278
5/11/2019 9:50,0,1,3,0,1,1,0.5,1,3,0,1,0.5,0,1,1,0,1,1,1,3,0,0,1,1,1,4,1,0.75,0.75,0,0,1,1,1,0.6,0,1,1,1,1,1,1,1,1,1,1,0,1,0,1,279
5/11/2019 9:52,0,0,3,0,1,1,1,0,3,0,1,0.5,1,0.5,0,2,1,1,1,1,1,0,1,2,1,1,0,0.25,0.25,0,0,1,0,1,0.6,0,1,1,1,1,1,1,1,1,1,1,1,1,0,1,280
5/11/2019 16:14,0,1,3,0,1,1,0,1,3,0,0.5,1,0,0,0,0,1,1,0,1,0.75,0,1,2,1,4,1,2.25,0,0,1,1,1,1,3,1,3,1,1,1,0.5,0,0.5,1,1,1,0,1,0,1,281
5/11/2019 16:18,0,0,0,0,1,1,1,2,3,0,0.5,0.5,0,0,1,2,1,0,0,1,0.75,0,1,2,0,2,0,0.75,0.25,1,1,1,1,1,1,0,1,0,0,1,1,1,1,0,0,1,0,0,0,1,282
5/11/2019 16:21,0,0,3,0,1,0,0,2,3,0,0,0.5,0,0,0,2,0,0,2,2,0,0,0,4,0,0,0,1,0,0,0,0,0,1,1,0,2,0,0,1,0,0,0,0,0,0,0,0,0,1,283
5/11/2019 16:23,0,0,2,0,1,1,0.5,2,1,0,1,0.5,0.5,0.5,0,0,0,1,1,3,0,1,1,1,1,0,1,2.25,1.75,0,0,0,1,1,0.8,0,1,1,0,1,1,1,1,1,1,0,0,0,0,1,284
5/11/2019 16:26,0,0,0,0,1,1,1,2,3,0,1,0.5,0.5,0,1,1,1,1,1,0,0.5,1,1,2,1,0,1,0.5,1,0,0,0,1,1,1.4,0,1,1,0,1,1,1,1,0,0,1,0,1,1,1,285
5/11/2019 16:28,0,0,3,0,1,1,1,2,3,1,0.5,0.5,0,0,0,0,0,1,1,2,0,0,1,2,1,0,1,1,0.5,1,0,0,0,1,0.4,1,3,0,1,1,1,1,0.5,1,1,1,0,0,0,1,286
5/11/2019 16:30,0,0,3,1,1,1,0,0,1,0,1,1,0.5,0,2,1,1,1,1,3,0,0,0,4,1,0,1,1,0.5,0,0,0,1,1,0.4,0,1,1,1,1,1,1,0.5,1,1,1,1,1,0,1,287
5/11/2019 16:33,0,0,0,0,1,1,0.5,1,2,0,0.5,0.25,0,0.5,1,2,0,0,2,3,1,1,1,1,1,4,1,0.75,0.25,0,0,0,1,0,1.4,0,2,1,0,1,1,1,1,1,1,0,0,0,0,1,288
5/11/2019 16:35,0,0,1,0,1,1,0.5,2,2,1,0.5,0.5,0.5,1,0,0,1,1,1,3,0,1,0,4,1,0,1,0.5,1,0,1,1,0,1,1.2,1,3,1,0,1,1,1,1,1,0,0,0,1,1,1,289
5/11/2019 16:38,0,0,0,0,1,0,0,2,3,1,1,1.5,0.5,0.5,1,0,0,1,2,1,0.75,1,1,2,1,0,1,2.25,1.25,0,0,0,0,1,2.2,1,3,1,0,1,1,1,1,1,1,1,1,0,0,1,290
5/12/2019 12:54,0,0,2,0,1,0,0,1,2,1,1,0.5,0.5,0.5,0,0,1,1,1,3,0,1,1,1,1,0,1,0.75,1,0,0,0,1,1,1.2,0,3,1,1,1,1,1,1,1,1,1,0,1,0,1,291
5/12/2019 12:57,0,0,2,0,1,1,1,2,2,1,1,0.5,0.5,0.5,0,0,1,1,1,0,0.5,1,1,2,1,4,1,0.5,0.5,0,0,0,1,1,0.2,1,1,1,0,1,1,1,1,1,1,0,0,0,0,1,292
5/12/2019 13:00,0,0,3,0,1,0,0,2,3,0,0,1,0,0,0,1,0,1,2,0,0.5,0,0,4,0,4,1,1,0.5,0,0,1,0,1,1,0,1,0,1,1,1,0,1,1,0,0,0,0,0,1,293
5/13/2019 19:57,0,0,0,0,1,1,0.5,2,3,0,0.5,0.5,0.5,0.5,0,0,1,0,2,3,0,0,1,3,0,4,0,0.25,0.25,0,0,0,1,1,1,0,3,0,0,1,0.5,0,0,1,0,1,0,1,0,1,294
5/13/2019 22:22,0,0,1,0,1,1,0.5,0,1,0,1,0.5,0.5,0.5,0,0,1,0,1,1,0.75,1,1,1,1,0,1,0.75,0.25,0,0,0,0,1,1.6,0,3,1,0,1,1,1,1,1,1,1,1,1,1,1,295
5/13/2019 22:24,0,0,3,0,1,1,0,2,1,1,1,1.75,0,0.5,2,1,0,1,2,2,0,0,1,2,1,4,1,2.25,1.5,1,1,1,1,1,0.6,0,1,1,1,1,1,0,0.5,1,1,0,0,0,0,1,296
5/13/2019 22:27,0,0,1,0,1,1,0.5,1,2,1,1,0.5,0,0,1,2,1,0,2,3,0,1,1,0,1,4,0,1.25,0.25,0,0,1,1,1,2.2,1,3,1,0,1,1,0,0,1,1,1,0,1,0,1,297
5/13/2019 22:29,0,0,0,0,1,0,0,2,2,0,0,0.25,0.5,1,1,2,1,1,2,3,0,1,1,0,1,0,1,2.25,2,0,1,1,1,1,2.2,1,3,1,1,1,1,1,1,1,1,1,0,1,0,1,298
5/14/2019 20:17,0,1,1,0,1,0,1,3,3,1,1,1,0,0,0,2,1,0,1,3,0,0,1,4,0,0,0,0.5,0.5,0,0,0,1,1,1.2,1,3,1,0,1,1,0,1,0,0,1,0,1,0,1,299
5/14/2019 20:19,0,0,3,0,1,1,0.5,1,2,0,0.5,0.5,0,0.5,1,1,0,0,2,3,0.25,0,1,2,1,4,1,0.75,0.5,0,0,1,0,1,1,0,1,1,1,1,1,0,0.5,1,1,0,0,0,0,1,300
5/14/2019 20:21,0,0,3,0,1,0,1,1,0,0,1,1.75,0.5,0,0,0,1,0,1,1,1,0,1,3,1,4,1,0.75,0.5,0,0,0,1,1,1.2,0,1,1,0,1,1,0,1,1,1,1,1,1,1,1,301
5/14/2019 20:23,0,0,1,0,1,1,1,2,3,0,1,0.25,0.5,0,1,2,0,1,0,1,0.5,0,0,4,1,0,0,1.25,0,0,0,0,1,0,0.6,0,0,0,0,1,1,1,1,0,0,1,0,0,0,1,302
5/14/2019 20:52,0,0,1,0,1,1,0.5,0,2,1,1,0.25,0.5,0,2,0,1,1,2,2,0,0,1,2,1,0,1,2.25,1,1,0,1,1,1,0.2,1,3,1,0,1,1,1,1,1,1,1,1,1,0,1,303
5/14/2019 21:01,0,0,1,0,1,1,0,1,1,0,1,1.5,1,0,0,0,1,1,2,3,0,0,0,2,1,0,1,1.25,1,0,0,0,1,1,1,0,3,0,0,1,1,0,0.5,1,1,0,0,0,0,1,304
5/14/2019 21:04,0,0,2,0,1,0,1,2,1,0,0.5,0.5,0,0,0,2,0,0,1,2,0,0,0,4,0,0,0,0.25,0,0,0,0,0,1,0.6,0,3,1,1,1,1,0,0.5,1,1,0,0,0,0,1,305
5/14/2019 21:06,0,0,1,0,1,1,1,0,1,1,1,1,0.5,0,0,1,0,0,0,2,0,0,1,0,1,4,0,0.5,0.25,0,0,0,1,1,1,1,3,1,1,1,1,0,0.5,1,1,1,1,1,0,1,306
5/14/2019 21:10,0,1,1,0,1,0,0,2,1,0,1,0.5,0.5,0,0,1,1,1,2,1,0.25,1,1,3,0,4,0,1.5,1.25,0,1,0,1,1,1.8,0,1,0,0,1,1,1,1,1,1,1,1,1,1,1,307
5/14/2019 21:12,0,0,3,0,1,1,0.5,1,2,0,1,0.5,0.5,0.5,0,1,0,0,2,2,0,0,0,4,1,0,0,1,0,1,0,0,1,1,0.2,0,1,1,0,1,1,0,0,1,1,0,0,0,0,1,308
5/14/2019 21:14,0,1,3,0,1,0,0,0,3,1,1,1,0.5,0.5,0,0,1,0,1,2,1,1,1,3,0,0,0,0.5,0.25,0,0,0,1,1,0.4,1,3,0,1,1,1,1,1,1,0,1,1,1,1,1,309
5/14/2019 21:17,0,0,0,0,1,1,1,3,3,0,1,0.5,0,1,1,2,1,1,1,3,0,1,0,4,1,0,0,1,0.25,1,0,0,1,1,0.4,0,1,0,1,1,1,1,1,1,1,1,0,1,1,1,310
5/15/2019 19:41,0,0,0,0,1,0,0.5,3,2,0,0.5,0.5,0.5,0.5,0,1,0,0,1,0,0.25,0,0,3,1,4,1,0.75,0.25,0,0,1,1,1,0.2,0,3,1,0,1,1,1,0.5,1,1,0,0,0,0,1,311
5/15/2019 19:45,0,0,0,0,1,1,0,3,3,0,0.5,0.5,0.5,0,1,0,0,1,2,1,0.25,0,1,0,1,0,1,0.75,0,0,1,1,1,1,1.2,1,1,1,0,1,1,0,0,0,0,1,0,1,1,1,312
5/15/2019 19:47,0,0,2,0,1,0,0.5,2,2,0,1,1,0.5,0.5,0,1,0,0,1,3,0,0,1,2,1,0,1,1,0.25,0,0,0,0,1,0.4,1,2,0,0,1,1,1,0.5,1,1,0,0,0,0,1,313
5/15/2019 19:50,0,0,1,0,1,1,1,2,0,1,1,1.5,0,0,1,1,0,1,0,3,0,0,1,0,1,3,1,1.75,0.25,0,0,0,0,1,1,0,1,0,1,1,1,0,0,1,0,1,0,1,0,1,314
5/15/2019 19:55,0,0,2,0,1,0,1,2,3,0,1,0.5,0,0,1,0,0,0,0,0,0.5,1,1,0,1,0,0,1.5,1.5,0,0,0,0,1,1,0,1,0,1,1,1,0,0,1,0,1,1,0,0,1,315
5/15/2019 20:01,0,0,3,0,1,1,0.5,0,3,0,1,0.5,0,0,1,1,0,1,1,0,1,0,1,2,1,4,0,1.75,1.5,1,0,0,0,1,1.2,0,2,1,0,1,1,1,0.5,1,0,0,0,0,0,1,316
5/15/2019 20:18,0,0,2,0,1,1,1,0,3,0,0.5,1,0,0.5,1,2,1,0,2,1,0.5,0,0,4,0,4,0,0.25,0,0,0,0,1,1,0.4,0,2,1,0,1,1,1,0,1,0,0,0,0,0,1,317
5/15/2019 20:21,0,0,3,0,1,0,1,2,2,0,0.5,0.5,0,0,0,1,0,0,0,1,0.25,0,0,4,1,4,1,0.25,0,0,0,0,1,1,1,0,3,1,1,1,1,1,0,0,0,0,0,0,0,1,318
5/15/2019 20:28,0,0,0,0,1,0,0,0,3,1,1,1,0,0,1,1,1,1,1,1,1,1,1,2,0,0,1,2.25,0.75,0,1,1,1,1,0.6,0,3,0,0,1,1,0,1,1,1,1,0,0,0,1,319
5/15/2019 20:30,0,1,0,0,1,1,0.5,2,2,0,0.5,0.5,0,0,0,2,0,0,2,1,0.25,0,0,2,0,4,0,0.25,1,0,1,0,1,1,1,0,1,1,1,1,1,1,0,1,0,1,0,0,0,1,320
4/24/2019 14:31,0,0,3,0,1,1,1,1,2,0,1,1.5,0,0,0,2,0,0,2,2,0.25,0,0,4,1,4,1,1.5,1.5,0,0,0,1,0,0,0,3,0,0,0,1,0,0,0,1,0,0,0,0,0,1000
4/24/2019 14:33,0,0,3,0,1,1,1,0,0,0,1,0.5,0.5,0,0,1,0,0,0,2,0,0,1,1,0,4,1,2.25,1.5,0,0,0,1,0,0,0,0,1,0,0,0.5,0,0,0,0,0,0,0,0,0,1001
4/24/2019 14:41,0,0,2,0,1,0,1,1,2,0,1,0.5,0.5,0.5,0,2,1,0,0,2,0,0,0,4,1,0,0,1.75,1.5,0,0,0,1,0,0,0,0,1,0,0,0.5,0,0,0,0,0,0,0,0,0,1002
4/24/2019 14:41,1,0,3,0,1,0,1,1,3,0,0.5,0.5,0.5,0.5,0,0,1,0,2,0,0.5,0,0,4,1,4,1,1.5,1.5,0,1,0,1,1,0.2,0,2,0,1,0,0.5,0,0,0,1,0,0,0,0,0,1003
4/24/2019 14:46,0,0,3,0,1,1,1,2,2,0,1,0.5,0.5,0.5,0,0,0,0,2,2,1,0,1,1,1,4,1,2.25,0.75,0,1,0,1,0,0,0,0,1,0,0,0.5,0,0,0,1,0,0,0,0,0,1004
4/24/2019 14:49,0,0,3,0,1,1,1,1,2,0,0.5,0.5,0.5,0.5,0,0,1,0,1,2,0,0,1,3,0,0,1,2,1.5,0,1,0,1,0,0,0,0,1,0,0,0.5,0,0,0,0,0,0,0,0,0,1005
4/24/2019 14:51,1,1,3,0,1,0,1,1,0,0,0.5,1,0,0,0,1,0,0,2,2,0.25,0,0,4,1,0,0,2.25,1.5,0,1,1,1,0,0,0,0,1,0,0,1,0,0,0,0,0,0,0,0,0,1006
4/24/2019 14:55,0,0,3,0,1,1,0,0,3,0,0,1,0.5,0,0,0,1,1,2,0,0.5,0,1,1,1,4,1,2.5,1.5,0,1,1,1,1,0.2,0,2,1,0,0,1,1,0,1,0,0,0,0,0,0,1007
4/24/2019 14:56,0,1,2,0,0,0,1,1,2,0,0.5,0.5,0.5,0,0,2,0,0,2,2,0.25,0,0,3,1,4,1,1.75,0.75,0,1,0,0,1,0.2,0,2,1,0,0,0.5,0,0,0,0,0,0,0,0,0,1008
4/24/2019 14:57,0,1,3,0,1,0,1,0,1,0,1,1.5,0,0.5,0,2,0,0,2,2,0.25,0,0,4,0,4,0,1,0,0,0,0,0,1,0,0,0,1,0,0,0.5,0,0,0,0,0,0,0,0,0,1009
4/24/2019 14:59,0,0,3,0,1,1,1,1,3,0,1,0.5,0.5,0.5,0,2,1,1,1,2,1,0,0,4,0,0,0,0.75,0.75,0,0,0,1,1,0,0,0,0,0,1,0.5,0,0,0,0,0,0,0,0,0,1010
4/24/2019 15:11,0,0,3,0,1,0,1,2,3,0,1,0.5,0,0,0,0,0,0,2,0,0.75,0,0,4,0,4,1,1,0.5,0,0,0,0,1,0.2,0,2,1,0,0,1,0,0,0,0,0,0,0,0,0,1011
4/24/2019 15:13,0,1,3,0,1,0,1,1,1,1,1,0.5,0.5,0.5,0,0,1,1,1,2,0.5,1,0,0,1,4,0,1,0.25,1,0,0,1,1,0.6,0,1,0,0,0.5,0.5,0,0.5,0,0,0,0,0,1,0,1012
4/24/2019 15:14,0,0,3,0,0,1,1,1,1,0,0.5,0.5,0.5,0.5,0,0,0,0,0,2,0.25,0,1,1,1,0,1,1,1.5,0,0,0,1,1,0.2,0,2,1,1,0.5,1,0,0.5,1,0,0,0,0,0,0,1013
4/24/2019 15:16,0,1,3,0,1,0,0.5,1,3,0,1,0.5,0,0.5,0,0,0,0,1,2,0.5,0,1,3,0,0,0,1,0.5,0,0,0,1,1,1.2,0,1,0,0,1,1,1,0,1,1,1,0,0,0,0,1014
4/24/2019 15:17,0,1,3,0,1,0,0.5,1,3,0,1,0.5,0.5,0.5,0,0,1,0,1,2,1,0,1,1,0,4,0,2.25,0.5,0,1,0,1,1,0,0,0,1,0,0,0.5,0,0,0,1,0,0,0,0,0,1015
4/24/2019 15:17,0,0,3,0,0,0,0,0,3,0,1,0.5,1,0.5,0,0,1,0,2,2,0.5,0,0,4,0,0,1,0.5,0.5,0,1,0,1,0,0,0,0,1,0,1,1,0,0,0,0,0,0,0,0,0,1016
4/24/2019 15:18,0,0,2,0,1,1,1,1,2,0,0.5,0.5,0.5,0,0,0,1,0,0,2,0.25,0,0,4,0,4,0,1,0.5,0,0,0,1,1,0.2,0,1,0,0,1,1,0,0,0,0,0,0,0,0,0,1017
4/24/2019 15:20,0,0,3,0,1,1,1,0,3,0,1,0.5,0.5,0.5,0,2,1,1,1,0,0.75,0,0,4,0,0,0,0.75,0,1,0,0,0,1,1.2,0,1,0,0,1,1,0,0.5,0,0,0,0,0,0,0,1018
4/24/2019 15:22,0,0,3,0,1,0,1,1,3,0,1,0.5,0.5,0,0,2,1,0,1,3,0,0,0,4,0,0,0,0.25,0,0,0,0,1,1,0.2,0,2,1,0,1,1,1,0.5,0,1,0,0,0,0,0,1019
4/24/2019 15:22,0,0,3,0,1,0,1,1,1,0,0.5,0.5,0.5,0.5,0,0,0,0,0,2,0,0,0,4,1,0,0,1.25,1.5,0,0,0,1,0,0,0,0,0,0,0,1,0,0,0,1,0,0,0,0,0,1020
4/24/2019 15:29,0,1,3,0,1,0,1,1,2,0,0.5,0.5,0.5,0.5,0,2,1,0,2,2,0.5,0,1,3,0,4,1,2,1.5,0,0,0,1,1,1.2,0,1,0,0,0.5,1,1,0,1,0,0,0,0,0,0,1021
4/24/2019 15:34,1,0,2,0,1,1,1,1,2,0,0,0.25,0,0,0,1,0,0,0,3,0.25,0,1,0,1,4,1,2.5,1.5,0,1,0,1,0,1,0,3,1,0,0,1,0,0,0,1,0,0,0,0,0,1022
4/24/2019 15:35,0,0,3,0,1,1,1,2,2,0,1,0.5,0.5,0.5,0,1,1,0,1,2,0,0,1,1,0,0,0,1,0.5,0,0,0,0,1,1,0,0,1,0,0,0.5,0,0,0,0,1,0,0,0,0,1023
4/24/2019 15:44,1,0,3,0,0,1,1,1,1,0,0.5,1.5,0,0,0,2,0,0,1,2,0,0,0,4,0,0,1,0.75,0.25,0,0,0,1,0,0,0,2,1,0,0,0.5,0,0,1,0,0,0,0,0,0,1024
4/24/2019 15:58,0,0,2,0,1,1,1,1,1,0,1,0.5,0.5,0.5,0,0,1,0,1,2,0,0,1,1,1,4,1,2.25,1.5,0,0,0,1,0,0,0,0,0,0,1,1,0,0,0,0,0,0,0,0,0,1025
4/24/2019 15:59,0,1,3,0,1,0,1,0,3,0,0.5,0.5,0,0.5,0,0,0,1,0,0,0.5,0,0,4,1,0,0,1,0.75,0,0,0,0,0,0,0,0,1,0,1,1,0,0,0,1,0,0,0,0,0,1026
4/24/2019 16:00,0,0,2,0,1,0,1,1,2,0,0.5,0.5,0.5,0.5,0,0,0,1,1,2,0,0,0,4,1,0,0,1,0.5,0,1,0,1,0,0,0,0,0,0,0,1,0,0,0,1,0,0,0,0,0,1027
4/24/2019 16:22,0,0,3,0,1,0,1,0,0,0,1,1.75,0.5,0.5,0,1,1,1,2,2,0.25,0,0,4,0,0,1,0.75,0.5,0,0,0,0,1,1.2,0,1,0,0,1,1,1,0,0,1,0,0,0,0,0,1028
4/24/2019 16:42,0,1,3,0,1,1,1,1,3,0,0.5,0.5,0.5,0.5,0,2,1,0,0,0,0.75,0,0,4,0,0,0,1.75,0,0,0,0,0,0,0,1,0,1,0,0,1,0,0,0,0,0,0,0,0,0,1029
4/24/2019 16:42,1,0,3,0,1,0,1,1,1,1,0.5,1,0,0,0,0,0,0,0,2,0.25,0,1,1,1,4,1,2.5,1.5,0,1,1,0,0,0.6,0,2,1,0,0,0.5,0,0,0,0,0,0,0,0,0,1030
4/24/2019 16:43,0,0,3,0,0,0,1,1,1,0,1,0.5,0.5,0,0,0,0,0,2,2,0.75,0,0,3,0,4,0,0.25,0.75,0,0,0,1,0,1,0,0,1,0,0.5,0.5,0,0,0,0,0,0,0,0,0,1031
4/24/2019 16:51,1,0,3,0,1,0,0,0,2,0,0.5,0.5,0,0,0,0,0,0,1,2,0.25,0,0,4,1,4,0,1.75,1.5,1,1,0,0,0,0,1,0,1,1,0,0.5,0,0,0,0,0,0,0,0,0,1032
4/24/2019 16:55,0,0,3,0,1,0,1,1,2,0,1,1.75,0.5,0,0,0,1,0,0,2,0,0,1,3,0,4,0,1.75,0.25,0,0,0,0,1,0.2,0,1,0,0,1,0.5,0,0,0,0,0,0,0,0,0,1033
4/24/2019 17:12,0,0,3,0,1,0,1,1,3,0,1,0.5,0.5,0,0,2,0,0,0,2,0,0,0,4,0,0,0,1.75,0.5,0,0,0,1,0,0,0,0,1,0,0,0.5,0,0,0,1,0,0,0,0,0,1034
4/24/2019 17:13,0,0,2,0,1,1,1,2,3,0,1,0.5,0,0.5,0,2,0,0,1,2,0,0,0,4,0,0,0,1,0.5,0,0,0,0,0,0,0,0,0,0,0,0,0,0,0,1,0,0,0,0,0,1035
4/24/2019 17:22,1,0,2,0,1,1,1,2,3,0,1,0.5,0,0.5,0,2,0,0,0,2,0,0,1,3,1,0,0,0.75,0.5,0,0,0,1,0,0,0,0,0,0,0,0.5,0,0,0,0,0,0,0,0,0,1036
4/24/2019 17:26,1,0,3,0,1,1,1,1,2,0,0.5,0.5,0,0.5,1,0,0,0,0,2,0,0,0,4,0,4,0,1,0.5,0,0,0,1,0,0,0,0,1,0,0,0.5,0,0,0,0,0,0,0,0,0,1037
4/24/2019 17:37,0,0,2,0,1,0,1,1,3,0,0.5,0.5,0.5,0,0,1,0,0,2,2,0.25,0,1,1,1,4,1,2.5,2.5,0,1,0,0,1,1.2,0,2,1,0,0.5,0.5,0,0,0,0,0,0,0,0,0,1038
4/24/2019 17:42,0,0,3,0,1,1,1,1,2,0,0.5,1.5,0,0.5,0,0,0,0,0,2,1,0,1,1,1,4,1,1.75,0.75,0,0,0,1,0,0,0,0,1,0,0,1,0,0,0,1,0,0,0,0,0,1039
4/24/2019 18:23,1,0,3,0,1,1,1,2,3,0,1,1.5,0,0.5,0,2,0,0,1,2,0.25,0,0,3,1,4,0,0.75,1.5,0,0,0,1,0,0,0,0,0,0,0,1,0,0,0,0,0,0,0,0,0,1040
4/24/2019 18:28,1,0,3,0,1,1,1,2,3,0,1,1.5,0.5,0.5,0,2,0,0,1,2,0.25,0,0,4,1,4,0,1.75,0.75,0,0,0,1,0,1,0,0,0,0,0,1,0,0,0,0,0,0,0,0,0,1041
4/24/2019 18:56,0,1,3,0,1,1,1,0,1,0,1,1,1,0.5,0,0,1,0,1,1,0.75,0,0,1,0,4,0,0.75,1,1,0,1,0,1,0.2,0,1,1,0,0.5,1,0,0.5,0,1,0,0,0,1,0,1042
4/24/2019 22:11,0,1,3,0,1,1,1,2,2,0,0.5,0.5,0,0,0,0,0,0,2,2,0,0,1,1,0,4,1,1.75,1.5,0,0,0,1,0,0,0,0,1,0,0,0.5,1,0,0,0,0,0,0,0,0,1043
4/24/2019 22:43,0,1,3,0,1,1,0.5,2,2,0,0.5,0.5,0.5,1,0,0,1,1,0,2,0.25,0,1,0,1,0,1,2.5,1.25,1,1,0,0,1,3,0,2,0,0,0.5,1,1,0,0,1,0,0,0,0,0,1044
4/24/2019 22:50,1,1,2,0,1,0,1,1,2,0,1,0.5,0,0,0,2,1,0,0,2,0,0,1,1,1,0,1,1.25,1.5,0,0,0,1,0,0,0,0,0,0,0,0.5,0,0,0,0,0,0,0,0,0,1045
4/24/2019 23:09,1,0,3,0,1,0,1,2,1,0,1,0.5,0.5,0,0,0,0,0,0,2,1,0,0,4,1,4,1,0.5,0,0,1,1,1,1,0,0,0,0,0,0,0,0,0,0,0,0,0,0,0,0,1046
4/24/2019 23:14,0,0,3,0,1,0,1,0,3,0,0.5,0.5,0.5,0,0,2,0,0,2,2,0.5,0,1,0,1,4,1,1.25,1.5,0,0,0,1,1,0.2,0,3,1,0,0,0.5,0,0,0,1,0,0,0,0,0,1047
4/24/2019 23:24,0,0,3,0,1,1,1,0,1,0,1,1,0.5,0.5,0,1,1,1,0,2,1,0,1,4,0,0,0,0.25,0,0,0,0,1,0,0,0,1,0,0,1,1,1,0,0,0,0,0,0,0,0,1048
4/24/2019 23:34,0,0,3,0,1,1,1,1,2,0,1,1,0,0,0,2,1,0,2,2,1,0,0,4,0,0,0,2.25,1,0,0,0,1,0,0,0,0,1,0,0,1,0,0,0,0,0,0,0,0,0,1049
4/25/2019 12:23,0,0,3,0,1,0,1,0,3,0,1,0.5,0.5,0,1,2,0,0,2,0,1,0,0,3,0,4,0,0.75,0.25,0,0,0,0,0,1,0,0,1,0,0,0.5,0,0,0,0,0,0,0,0,0,1050
4/27/2019 19:26,0,1,2,0,1,0,1,0,1,0,1,0.5,0.5,0.5,0,0,0,0,1,2,0.5,0,1,0,1,0,0,0.75,0,0,0,0,1,0,0,0,0,1,0,0,1,0,0,0,1,0,0,0,0,0,1051
4/28/2019 20:29,0,0,1,0,1,1,1,2,1,0,1,0.5,0,0,0,2,0,0,0,2,0,0,0,4,1,0,0,0.25,0,0,0,0,1,0,0,0,0,0,0,0,0.5,0,0,0,0,0,0,0,0,0,1052
4/28/2019 20:37,0,0,1,0,1,1,1,3,2,0,1,0.5,0.5,0.5,0,2,0,0,2,2,0,0,1,1,1,0,1,2.25,2.5,0,0,0,0,1,0.2,0,0,1,0,0,0.5,1,0,0,0,0,0,0,0,0,1053
4/28/2019 20:51,0,0,1,0,1,1,0.5,3,2,0,1,0.5,0.5,0.5,0,0,0,0,1,2,0,0,1,1,1,4,0,0.75,0.75,0,0,0,1,0,0,0,3,0,0,0.5,0.5,0,0,0,0,0,0,0,0,0,1054
4/28/2019 20:55,0,0,1,0,1,1,1,3,2,0,1,0.5,0.5,0.5,0,2,0,0,1,2,0,0,1,3,1,4,0,0.75,0.5,0,0,0,0,0,0,0,0,1,0,0,0.5,0,1,0,0,0,0,0,0,0,1055
5/8/2019 15:15,0,0,1,0,1,1,1,2,2,0,1,0.5,0,0.5,0,2,0,0,0,2,0,0,0,4,0,4,0,0.5,0.75,0,0,0,1,1,1,0,0,1,0,0,0.5,0,0,0,0,0,0,0,0,0,1301
5/8/2019 15:21,1,0,1,0,1,1,1,3,3,0,0.5,0.5,0,0,1,2,0,0,0,2,0,0,0,3,1,4,0,0.25,0,0,0,0,0,0,0,0,0,0,0,0,0,0,0,0,0,0,0,0,0,0,1302
5/8/2019 15:26,1,0,1,0,1,1,0.5,3,3,0,0.5,0.5,0,0.5,0,1,0,0,0,2,0,0,1,0,1,4,1,0,0.5,1,0,0,1,0,0,0,0,0,0,0,0,0,0,0,0,0,0,0,0,0,13013
5/8/2019 15:30,1,0,1,0,1,1,1,3,2,0,0.5,0.5,0,0,0,2,0,0,0,2,0,0,0,4,1,4,0,0.25,0,0,0,0,0,0,0,0,0,0,0,0,0,0,0,0,0,0,0,0,0,0,1304
5/8/2019 15:46,1,0,1,0,1,1,1,2,2,0,0.5,0.5,0,0,0,2,0,0,0,2,0,0,0,4,1,4,0,0.25,0,0,0,0,1,0,0,0,0,0,0,0,0,0,0,0,0,0,0,0,0,0,1305
5/8/2019 15:52,0,0,1,0,1,1,1,2,3,0,1,0.5,0,0.5,0,2,0,0,1,2,0,0,0,4,0,0,0,0,0,0,0,0,0,0,0,0,0,0,0,0,0.5,0,0,0,1,0,0,0,0,0,1306
5/8/2019 15:59,0,0,1,0,1,1,1,3,3,0,0.5,0.5,0,0.5,0,2,0,0,0,2,0,0,1,3,1,4,0,0.25,0,0,0,0,0,0,0,0,0,1,0,0,0,0,0,0,0,0,0,0,0,0,1307
5/8/2019 16:04,1,0,1,0,1,1,1,2,2,0,0.5,0.5,0,0.5,0,0,0,0,1,2,0,0,0,4,1,4,0,0.75,0.25,0,0,0,0,0,0,0,0,1,0,0,0,0,0,0,0,0,0,0,0,0,1308
5/8/2019 16:20,1,0,1,0,1,0,1,3,2,0,0.5,0.5,0,0,0,2,0,0,0,2,0,0,0,4,1,4,0,0.25,0,0,0,0,0,0,0,0,0,1,0,0,0,0,0,0,0,0,0,0,0,0,1309
5/8/2019 16:24,1,0,1,0,1,1,0.5,1,2,0,0.5,0.5,0,0.5,0,0,0,1,1,2,1,0,0,4,1,4,1,1.75,0.5,1,1,1,0,1,1,0,3,1,0,0.5,1,0,0,0,1,0,0,0,0,0,1310
5/12/2019 15:11,0,0,1,0,1,1,1,3,3,0,1,0.5,0,0.5,0,0,0,0,0,2,0,0,0,4,1,4,0,0.75,0.75,0,0,0,1,0,0,0,0,1,0,0,0.5,0,0,0,0,0,0,0,0,0,1311
5/12/2019 15:14,1,0,1,0,1,0,1,3,3,0,1,0.5,0,0,0,0,1,0,2,2,0,0,1,3,1,4,0,0.75,0.5,0,0,0,0,0,0.6,0,0,1,0,0,0.5,0,0,0,0,0,0,0,0,0,1312
5/12/2019 15:17,0,0,1,0,1,1,1,3,2,0,1,0.5,0,0,0,2,0,0,1,2,0,0,0,4,1,4,0,0,0,0,0,0,1,0,0,0,0,0,0,0,0.5,0,0,0,0,0,0,0,0,0,13113
5/12/2019 15:21,0,0,1,0,1,1,1,3,3,1,1,0.5,0,0.5,0,2,1,1,0,2,0.25,0,1,3,1,4,0,0.75,1,0,0,1,1,0,0.2,0,3,0,0,0,1,0,1,0,1,0,0,0,0,0,1314
5/12/2019 15:24,0,0,1,0,1,1,1,3,2,0,0.5,0.5,0,0,0,1,0,0,0,2,1,0,1,3,1,4,0,0.75,0.25,0,0,0,1,0,1,0,3,1,0,0,0.5,0,1,0,1,0,0,0,0,0,1315
5/12/2019 15:27,0,0,1,0,0,1,1,3,2,0,0.5,0.25,0,0,0,2,0,0,0,2,0,0,0,4,0,4,0,0.25,0.25,0,0,0,0,0,1,0,1,0,0,0,0.5,0,0,0,1,0,0,0,0,0,1316
5/12/2019 15:30,0,0,1,0,1,0,1,0,3,0,0.5,0.5,0,0.5,0,2,0,0,0,2,1,0,1,3,0,4,0,0.25,0.25,0,0,0,0,0,1,1,3,0,0,0,0.5,0,0,0,0,0,0,0,0,0,1317
5/12/2019 15:33,0,0,1,0,1,1,1,2,2,0,1,0.5,0,0.5,0,2,1,0,1,2,0,0,0,4,1,4,0,0,0,0,0,0,0,0,0,0,0,0,0,0,0,0,0,0,0,0,0,0,0,0,1318
5/12/2019 15:36,0,0,1,0,1,1,1,2,2,0,1,0.5,0.5,0.5,0,2,0,0,0,2,0,0,0,4,1,4,0,0.75,0.25,0,0,0,0,0,0,0,0,0,0,0,0,0,1,1,0,0,0,0,0,0,1319
5/12/2019 15:39,1,0,1,0,1,0,0.5,3,3,0,0.5,0.5,0,0,0,2,0,0,0,2,0,0,1,0,1,4,0,0.75,0.5,0,0,0,0,0,0,0,0,1,0,0,0,0,0,0,0,0,0,0,0,0,1320
5/12/2019 15:44,0,0,2,0,1,0,1,2,2,0,0.5,0.5,0,0,0,2,0,0,2,2,0,0,1,1,1,4,0,1.75,1.5,0,1,0,1,1,0.2,0,0,1,0,0,0.5,0,0,0,1,0,0,0,0,0,1321
