2. In which medium did you study in School/College?,"3. What is your educational qualification?		",7. How is your relationship with your family members?,9. Amount of money your parent(s) give you daily?,10. Is there any addiction in your family of origin?,11. How many friends do you have?,14. Do you borrow money from your friends?,15. What is your marital / relationship status?,16. Have you ever broken up?,18. Do you live with someone who has a habit of using alcohol / substance*?,19. With whom do you like to spend most of your time?,20. What is your occupation?,"21. If you have a job / business, what is the range of your monthly average income?",22. Do you have any type of illegal income?,23. Do you face any problem in workplace / education?,"23(A). If yes, do you face any of the following problems?","28.A)Depression, sorrow and hopelessness","28.C) Hallucinations, see imaginary things, hear voices",28.D) Lack of attention/ memorization problem,31. Have you ever attempted to commit suicide?,"33. Have you ever used any substance without the permission of the doctor? (For example, sleeping pills, alcohol etc.)","34.A) Stimulant (Methamphetamine, Cocaine)","34.B) Sedative (Sleeping Pills, Alcohol)","34.C) Depressant (Heroin, Fencidil)","34.D) Hallucinogen (LSD, Piot)",34.D) Others (Cannabis etc.),"35. In your childhood, did any of your family members use substance?",36. Specify your age when you used substance for the first time (If you did),37. Have you ever hurt anyone or yourself due to anger or losing self-control?,38. Have you ever consulted any doctor for using any substance / alcohol?,39. Do you smoke?,40. How many of your friends smoke?,41. Do your friends influence you to engage in drug / smoke?,42. Do you face any withdrawal symptoms when you try to control or stop smoking / using drug for a few days?,43. Did you sometimes fail to fulfill your social or familial duties because of being engaged in using any substance?,44. Have you ever taken money from your parents without letting them know?,45.Have you ever been arrested by police?,46. Is there any case/lawsuit going on court against you?,47. Have you ever been arrested for keeping any drug/substance?,48. Have you ever been arrested for selling or dealing drug/substance?,Flag
0,3,0,2,0,2,0,0,2,0,2,2,0,0,0,0,1,0,7,0,0,0,0,0,0,0,0,3,0,0,0,1,0,0,0,1,0,0,0,0,0
0,3,0,0,0,2,0,0,1,0,0,2,4,0,1,1,1,0,7,0,0,0,0,0,0,0,0,0,1,0,0,2,0,0,0,0,0,0,0,0,0
0,2,0,2,0,2,2,0,2,0,0,2,4,0,0,0,1,0,7,0,0,0,0,0,0,0,0,0,1,0,0,2,0,0,0,0,0,0,0,0,0
0,3,0,3,0,1,2,0,0,0,2,0,1,0,0,0,1,0,7,0,1,0,3,0,0,0,0,2,0,1,0,2,0,0,0,1,0,0,0,0,0
0,3,0,2,0,2,2,0,0,0,2,2,3,0,1,1,1,0,0,0,0,0,0,0,0,0,0,0,1,0,0,2,0,0,0,1,0,0,0,0,0
0,3,0,2,0,1,2,0,0,0,1,2,4,0,1,3,1,0,7,0,0,0,0,0,0,0,0,0,1,0,0,2,0,0,0,0,0,0,0,0,0
1,3,0,0,0,1,0,0,1,0,2,2,0,0,0,0,1,0,7,1,0,0,0,0,0,0,0,0,1,0,0,1,0,0,0,0,0,0,0,0,0
0,3,2,3,0,0,0,0,0,1,2,0,1,0,1,1,1,0,7,1,1,0,3,0,0,0,0,2,1,0,0,1,1,0,1,0,0,0,0,0,0
1,2,0,2,0,1,0,0,2,0,2,2,0,0,0,3,1,0,0,0,1,0,3,0,0,0,0,2,1,0,0,2,0,0,0,0,0,0,0,0,0
1,3,0,1,0,2,2,0,2,0,2,2,0,0,0,0,0,0,0,0,1,0,0,0,0,0,0,0,1,0,0,2,0,0,0,0,0,0,0,0,0
0,3,0,3,0,2,2,0,2,1,1,2,3,0,0,0,0,0,7,0,1,0,0,0,0,0,0,0,0,0,1,2,0,0,0,0,0,0,0,0,0
0,3,0,3,0,2,0,0,0,0,2,0,2,0,0,0,1,0,0,0,1,0,3,0,0,0,0,2,1,0,0,1,0,0,0,0,0,0,0,0,0
1,3,0,1,1,2,2,0,0,1,1,2,1,1,0,4,0,0,0,0,1,0,0,5,0,0,0,1,0,0,2,2,0,2,0,0,0,0,0,1,0
0,3,0,1,0,1,2,0,0,0,0,2,0,0,1,1,1,0,7,0,1,0,3,0,0,0,0,2,1,1,2,1,0,2,1,0,0,0,0,0,0
1,3,1,3,0,2,2,0,0,0,1,2,1,0,1,3,1,0,0,0,1,1,3,5,0,0,0,1,0,0,1,1,1,0,1,1,1,0,0,0,0
1,3,1,3,0,2,2,0,0,0,1,2,3,0,1,1,1,0,0,0,1,0,0,0,0,0,0,0,1,0,0,2,0,0,0,1,0,0,0,0,0
0,3,2,3,0,2,2,0,0,0,2,2,1,0,0,0,1,0,0,0,0,0,0,0,0,0,0,0,1,0,1,1,0,0,0,0,0,0,0,0,0
0,2,0,2,0,1,0,0,0,0,0,2,0,0,0,0,1,0,0,0,1,0,3,0,0,0,0,1,0,0,1,1,0,0,0,0,0,0,0,0,0
0,3,0,3,0,2,2,0,2,1,1,0,2,0,0,0,0,0,0,0,1,1,3,5,0,0,0,1,0,0,1,1,0,2,0,0,0,0,0,0,0
0,3,0,3,0,2,0,0,2,0,1,3,4,0,0,0,0,0,0,0,1,0,3,0,0,0,0,2,1,0,1,1,1,2,0,1,0,0,0,0,0
0,3,0,1,0,1,2,0,0,0,0,2,4,0,0,0,1,0,7,0,0,0,0,0,0,0,0,0,0,0,0,1,0,0,0,1,0,0,0,0,0
1,3,0,2,0,1,2,0,2,0,2,2,1,0,1,3,1,0,7,0,1,0,3,0,0,20,0,1,0,0,2,1,1,0,1,0,0,0,0,0,0
0,2,0,2,0,0,0,0,1,0,0,3,0,0,1,4,1,0,7,0,0,0,0,0,0,20,0,3,1,0,0,1,0,0,0,1,0,0,0,0,0
0,3,0,2,0,2,2,0,1,0,1,2,4,0,1,1,1,0,0,0,1,0,0,0,0,20,0,0,1,0,0,2,0,0,0,0,1,0,0,0,0
0,3,0,1,0,1,0,0,2,0,1,2,4,0,0,0,0,0,0,0,0,0,0,0,0,0,0,2,1,0,0,2,0,0,1,0,0,0,0,0,0
0,2,0,1,0,2,2,0,0,0,1,2,4,0,1,1,1,0,7,0,0,0,0,0,0,0,0,0,0,0,1,1,0,0,0,0,0,0,0,0,0
1,3,0,3,0,1,2,0,0,1,0,0,1,0,0,0,1,0,0,0,0,0,0,0,0,0,0,0,1,0,1,1,0,0,0,1,0,0,0,0,0
0,2,0,2,0,1,2,0,0,1,1,2,4,0,0,0,1,0,0,0,0,0,0,0,0,0,0,0,0,0,0,1,0,0,0,1,0,0,0,0,0
0,3,0,0,0,2,2,0,1,1,2,2,0,0,0,0,1,0,0,0,1,0,3,0,0,20,0,1,0,0,1,1,1,0,0,1,0,0,0,0,0
1,3,0,3,0,1,2,0,2,0,0,0,2,0,0,0,0,0,0,0,0,0,0,0,0,0,1,0,1,0,0,1,0,0,0,0,0,0,0,0,0
0,3,0,1,1,1,0,0,0,0,0,2,0,0,1,1,1,0,7,1,0,0,0,5,0,0,0,2,1,0,0,2,0,0,0,0,0,0,0,0,0
0,3,0,1,0,2,0,0,0,0,2,2,2,0,0,3,0,0,7,0,0,0,0,0,0,20,0,0,1,0,2,2,0,0,0,0,0,0,0,0,0
0,3,2,2,0,1,0,0,0,0,1,2,0,0,0,0,1,0,7,0,0,0,0,0,0,0,1,0,1,1,0,2,0,0,0,0,0,0,0,0,0
0,3,0,2,0,2,0,0,0,0,0,2,4,0,1,3,0,0,0,0,1,0,3,0,0,0,0,1,0,0,1,2,0,0,0,0,0,0,0,0,0
0,3,0,3,0,2,0,0,2,0,0,2,4,0,0,0,1,0,0,0,0,0,0,0,0,0,0,0,1,0,0,2,0,0,0,1,0,0,0,0,0
0,2,0,3,0,2,2,0,2,0,1,2,4,0,0,0,1,0,0,0,0,0,0,0,0,0,0,0,0,0,0,0,0,0,0,1,0,0,0,0,0
0,2,0,3,0,2,2,0,2,0,0,2,4,0,1,3,1,0,0,0,0,0,0,0,0,0,0,0,0,0,0,2,0,0,0,0,0,0,0,0,0
0,3,0,2,0,1,2,1,0,0,0,2,4,0,0,0,1,0,0,0,0,0,0,0,0,0,0,0,1,0,0,2,0,0,0,0,0,0,0,0,0
0,2,0,3,0,1,0,0,1,0,2,2,0,0,1,1,1,5,7,0,1,0,3,0,0,20,0,2,1,0,2,2,0,0,0,0,0,0,0,0,0
0,3,0,2,0,1,2,0,0,0,0,2,3,0,1,1,1,0,0,0,0,0,0,0,0,0,0,0,1,0,0,1,0,0,0,1,0,0,0,0,0
0,3,0,3,0,2,2,0,2,0,1,2,0,0,0,3,1,0,7,0,0,0,0,0,0,0,0,0,0,0,0,1,0,0,0,0,0,0,0,0,0
0,3,0,3,0,2,2,0,2,0,1,2,0,0,0,0,1,0,0,0,0,0,0,0,0,20,0,0,0,0,0,1,0,0,0,0,0,0,0,0,0
1,3,0,1,0,2,2,0,0,0,1,1,2,0,0,1,0,5,0,1,1,0,3,0,0,0,0,1,1,0,2,1,0,2,0,1,0,0,0,1,0
1,3,0,2,0,1,0,0,0,0,2,2,4,0,1,1,1,0,7,0,0,0,0,0,0,0,0,0,1,0,0,2,1,0,0,0,0,0,0,0,0
1,3,1,2,0,1,1,0,0,1,0,2,0,0,1,4,1,0,7,0,1,1,3,5,7,20,0,2,0,0,2,1,1,0,0,1,0,0,0,0,0
1,2,0,2,0,2,0,0,2,0,0,2,4,0,1,1,1,0,7,0,0,0,0,0,0,0,0,0,0,0,0,2,0,0,0,0,0,0,0,0,0
0,3,0,1,0,2,0,0,0,0,0,2,3,0,0,0,0,0,0,1,1,0,0,0,0,0,0,0,0,0,0,0,0,0,0,0,0,0,0,0,0
0,3,0,3,0,1,0,0,2,0,2,2,1,0,1,4,1,0,7,0,1,0,3,0,0,0,0,3,1,0,0,2,0,0,0,1,0,0,0,0,0
0,3,0,1,0,2,2,0,1,1,0,2,3,0,1,0,0,0,0,0,0,0,0,0,0,0,0,1,0,0,1,1,1,0,0,0,0,0,0,0,0
0,3,0,2,0,2,0,0,2,0,2,2,3,0,0,0,0,0,7,0,0,0,0,0,0,0,0,0,1,0,0,1,0,0,0,0,0,0,0,0,0
0,3,0,3,0,2,0,1,2,0,2,0,3,0,0,3,0,0,0,0,0,0,0,0,0,20,0,0,1,0,0,2,0,0,0,0,0,0,0,0,0
1,2,0,1,0,2,2,0,0,0,1,2,1,0,1,4,0,0,0,0,0,0,0,0,0,0,0,0,1,0,0,1,0,0,0,1,0,0,0,0,0
0,1,0,1,0,2,0,0,2,0,0,2,4,0,0,0,0,0,0,0,0,0,0,0,0,0,0,0,0,0,0,2,0,0,0,0,0,0,0,0,0
0,1,0,2,0,2,2,0,2,0,2,2,4,0,1,1,1,5,7,0,1,0,3,0,0,0,0,0,1,0,0,2,1,0,0,0,0,0,0,0,0
0,1,1,2,0,2,2,0,0,0,1,2,4,0,1,1,0,0,7,0,0,0,0,0,0,0,0,3,0,0,2,2,0,0,0,0,0,0,0,0,0
0,1,0,2,0,2,2,0,2,0,1,2,4,0,1,3,1,0,0,0,0,0,0,0,0,0,0,0,1,0,0,2,0,1,0,0,0,0,0,0,0
0,1,0,2,0,2,2,0,2,0,0,2,4,0,0,0,0,0,7,0,1,0,0,0,0,20,0,0,1,0,0,2,0,0,0,0,0,0,0,0,0
0,1,0,3,0,1,0,1,2,0,0,2,4,0,0,3,0,0,0,0,0,0,0,0,0,0,0,0,0,0,0,0,0,0,0,0,0,0,0,0,0
0,1,1,3,0,1,2,0,1,0,0,2,4,0,1,4,1,0,0,0,0,0,0,0,0,0,0,0,0,0,0,0,0,0,0,0,0,0,0,0,0
0,1,0,2,0,1,0,0,2,0,0,2,4,0,0,0,0,0,0,0,0,0,0,0,0,0,0,0,0,0,0,0,0,0,0,0,0,0,0,0,0
0,1,0,2,0,1,0,0,2,0,0,2,4,0,0,0,0,0,0,0,0,0,0,0,0,0,0,0,0,0,0,0,0,0,0,0,0,0,0,0,0
0,1,0,3,0,2,2,0,2,0,1,2,4,0,0,0,0,0,0,0,0,0,0,0,0,0,0,0,0,0,0,2,0,0,0,1,0,0,0,0,0
0,1,0,3,0,1,2,0,2,0,0,2,4,0,1,3,0,0,0,0,0,0,0,0,0,0,0,0,1,0,0,0,0,0,0,0,0,0,0,0,0
0,1,0,2,0,1,2,0,0,0,1,2,4,0,0,0,0,0,0,0,0,0,0,0,0,0,0,0,1,0,0,0,0,0,0,0,0,0,0,0,0
0,1,0,2,0,1,0,0,2,0,0,2,4,0,0,0,0,0,0,0,0,0,0,0,0,0,0,0,1,0,0,0,0,0,0,0,0,0,0,0,0
0,1,1,2,0,1,2,0,0,1,1,2,3,0,0,0,1,0,0,1,1,0,0,0,0,20,0,3,1,0,2,1,0,0,0,1,0,0,0,0,0
0,1,0,3,0,2,2,0,0,0,0,2,4,0,0,0,0,0,7,0,0,0,0,0,0,0,0,0,1,0,0,2,0,0,0,0,0,0,0,0,0
0,1,0,3,0,2,0,0,0,0,2,2,4,0,1,3,1,0,0,0,0,0,0,5,0,0,0,0,1,0,0,2,0,0,0,0,0,0,0,0,0
0,1,0,2,0,2,0,0,2,0,1,2,4,0,0,0,0,0,0,0,0,0,0,0,0,0,0,0,0,0,0,2,0,0,0,0,0,0,0,0,0
0,1,0,3,1,2,2,0,2,1,0,2,0,0,1,3,0,5,0,1,0,0,3,0,0,0,0,3,0,0,0,1,0,1,0,1,0,0,0,0,0
0,1,0,2,0,1,0,0,1,0,0,2,3,0,1,3,0,0,0,0,0,0,0,0,0,20,0,3,1,0,0,2,0,1,0,1,0,0,0,0,0
0,1,0,2,0,1,0,0,2,0,0,2,4,0,0,0,0,0,0,0,0,0,0,0,0,20,0,1,0,0,0,2,0,0,0,1,0,0,0,0,0
0,1,0,3,0,1,2,0,2,0,0,2,3,0,1,3,0,0,0,0,0,0,0,0,0,20,1,3,0,0,0,2,0,0,0,0,0,0,0,0,0
0,1,0,2,0,2,2,0,2,0,1,2,4,0,0,0,0,0,0,0,0,0,0,0,0,0,0,0,0,0,0,0,0,0,0,0,0,0,0,0,0
0,1,0,2,0,2,2,0,2,0,0,2,4,0,0,0,0,0,0,0,0,0,0,0,0,0,0,0,0,0,0,0,0,1,1,0,0,0,0,0,0
0,1,1,3,0,1,0,0,2,0,0,2,4,0,1,4,1,0,0,0,0,0,0,0,0,0,0,0,1,0,0,0,0,0,0,0,0,0,0,0,0
0,2,0,2,0,1,0,0,2,0,2,2,4,0,1,1,1,0,7,0,1,0,3,0,0,0,0,0,1,0,0,2,0,0,0,1,0,0,0,0,0
0,1,0,2,0,1,2,0,2,0,0,2,4,0,1,3,0,0,0,0,0,0,0,0,0,0,0,0,0,0,0,0,0,0,0,0,0,0,0,0,0
1,1,0,2,0,1,2,0,2,0,0,2,4,0,1,3,0,0,7,0,0,0,0,0,0,0,0,3,0,0,2,2,0,1,1,0,0,0,0,0,0
1,2,0,3,0,2,2,0,2,0,0,2,4,0,0,4,0,5,0,0,0,0,3,0,0,0,0,0,0,0,0,1,0,0,0,1,0,0,0,0,0
1,1,0,2,0,2,2,0,2,1,1,2,1,0,1,1,0,0,0,0,0,0,0,5,0,0,0,0,0,0,1,1,1,1,0,1,0,0,0,0,0
0,1,0,2,0,1,2,0,2,0,2,2,0,0,1,1,1,0,0,0,0,0,0,0,0,0,0,0,1,0,0,0,0,0,0,0,0,0,0,0,0
1,2,0,2,0,2,2,0,2,0,0,2,4,0,0,0,0,0,0,0,0,0,0,0,0,0,0,0,0,0,0,2,0,0,0,0,0,0,0,0,0
0,1,1,2,0,1,2,0,2,0,2,2,4,0,1,1,1,0,7,0,1,0,3,0,0,0,0,0,0,0,0,0,0,0,0,0,0,0,0,0,0
1,1,0,3,0,2,2,0,2,0,2,2,4,0,1,4,0,5,0,1,1,0,3,0,0,0,0,3,1,0,2,2,0,0,1,1,0,0,0,0,0
0,1,0,2,0,1,2,0,2,0,0,2,4,0,1,3,0,0,0,0,0,0,0,0,0,0,0,0,0,0,0,2,0,0,0,1,0,0,0,0,0
0,1,0,3,0,1,0,0,2,0,0,2,3,0,1,3,0,0,0,0,0,0,0,0,0,20,1,3,0,0,0,2,0,0,0,0,0,0,0,0,0
0,1,0,2,0,1,0,0,2,0,0,2,4,0,1,1,0,0,0,0,0,0,0,0,0,0,0,0,0,0,0,2,0,1,0,0,0,0,0,0,0
0,1,0,2,0,1,2,0,0,0,0,2,0,0,1,1,1,0,0,0,0,0,0,0,0,0,0,0,1,0,0,2,1,2,0,0,0,0,0,0,0
0,1,0,2,0,1,0,0,0,0,2,2,4,0,0,0,0,0,0,0,0,0,0,0,0,0,0,0,0,0,0,0,0,0,0,0,0,0,0,0,0
0,1,0,2,0,1,0,0,1,0,1,2,0,0,1,4,0,0,7,1,0,0,3,0,0,0,0,3,0,0,1,1,0,2,0,0,0,0,0,0,0
1,1,0,2,0,2,0,1,2,0,0,2,2,0,0,0,0,0,7,0,0,0,0,0,0,0,0,0,1,0,2,0,0,1,0,0,0,0,0,0,0
0,1,1,3,0,1,0,0,2,0,2,2,4,0,1,1,1,0,0,0,0,0,0,0,0,0,0,0,1,0,2,2,1,0,1,0,0,0,0,0,0
0,1,0,2,0,2,2,0,2,0,0,2,4,0,0,0,0,0,7,0,0,0,0,0,0,0,0,0,1,0,0,2,0,0,0,1,0,0,0,0,0
0,1,0,2,0,1,0,0,0,0,0,2,4,0,0,0,0,0,0,0,0,0,0,0,0,0,0,0,1,0,0,0,0,0,0,0,0,0,0,0,0
0,1,0,2,0,2,0,0,2,0,0,2,4,0,0,0,0,0,7,0,0,0,0,0,0,0,0,0,1,0,0,0,0,0,0,0,0,0,0,0,0
0,1,1,3,0,1,0,0,2,0,0,2,4,0,1,4,0,0,0,0,1,0,3,0,0,0,0,0,0,0,0,0,0,0,0,0,0,0,0,0,0
0,3,0,3,0,1,0,0,1,0,0,2,1,0,0,4,1,0,0,0,0,0,0,0,0,20,0,1,1,0,2,2,0,0,0,0,0,0,0,0,0
0,3,0,3,0,2,2,0,2,0,2,3,0,0,0,0,1,0,0,0,0,0,0,0,0,0,0,0,1,0,0,0,0,0,0,0,0,0,0,0,0
0,3,0,3,0,2,2,0,1,0,1,2,2,0,0,0,0,0,0,0,1,0,3,0,0,0,0,1,0,0,2,1,0,0,0,0,0,0,0,0,0
0,3,0,2,0,2,0,0,0,0,0,0,1,0,0,0,1,0,0,0,0,0,0,0,0,0,0,0,1,0,0,2,1,0,0,0,0,0,0,0,0
0,3,1,2,0,2,2,0,2,0,1,2,0,0,1,1,1,0,0,0,1,0,3,0,0,0,0,2,1,0,2,2,0,2,0,0,0,0,0,0,0
0,2,0,1,0,1,0,0,1,0,0,2,0,0,0,3,0,0,0,0,0,0,0,0,0,0,0,0,1,0,1,2,0,2,0,1,0,0,0,0,0
0,3,0,3,1,1,1,0,0,0,1,2,2,0,1,1,1,0,0,1,1,0,0,0,0,20,0,2,0,0,0,1,1,1,0,0,0,0,0,0,0
0,3,0,3,1,1,1,0,0,0,1,2,2,0,1,1,1,0,0,1,1,0,0,0,0,20,0,2,0,0,0,1,1,1,0,0,0,0,0,0,0
0,3,0,2,0,2,2,0,2,1,1,2,4,0,0,0,0,0,7,0,1,0,3,0,0,0,0,1,0,0,1,1,1,0,0,1,0,0,0,0,0
1,3,0,2,0,1,0,1,2,0,1,2,4,0,1,4,0,0,0,0,0,0,0,0,0,0,0,0,0,0,0,0,0,0,0,0,0,0,0,0,0
0,3,0,2,0,1,2,0,0,0,1,2,0,0,0,0,0,0,0,0,0,0,0,0,0,0,0,0,1,0,0,2,0,0,1,0,0,0,0,0,0
0,3,0,2,0,2,2,0,0,0,0,2,4,0,0,0,0,0,0,0,0,0,0,0,0,0,0,0,0,0,0,0,0,1,1,0,0,0,0,0,0
0,2,0,2,1,1,2,0,1,0,1,2,4,0,1,3,1,0,0,0,0,0,0,0,0,0,1,0,1,0,0,0,0,0,0,0,0,0,0,0,0
0,3,1,3,0,2,2,0,2,0,0,0,1,0,0,0,0,0,0,0,0,0,0,0,0,0,0,0,1,0,0,2,0,0,0,0,0,0,0,0,0
0,3,0,1,0,2,2,0,2,0,0,2,0,0,0,0,0,0,0,0,0,0,0,0,0,0,0,0,0,0,0,0,0,0,0,0,0,0,0,0,0
0,2,0,1,0,1,0,0,2,0,1,2,4,0,1,4,0,0,0,0,0,0,0,0,0,0,0,0,0,0,0,0,0,0,0,0,0,0,0,0,0
0,3,0,1,0,1,2,0,0,0,1,2,1,0,0,0,1,0,0,0,0,0,0,0,0,0,0,0,1,0,0,2,0,0,0,0,1,0,0,0,0
0,2,0,1,1,2,0,0,2,0,1,2,4,0,0,0,0,0,0,0,0,0,0,0,0,0,0,3,1,0,0,0,0,0,0,0,0,0,0,0,0
0,3,0,2,0,1,2,0,0,0,1,2,4,0,0,0,1,0,0,0,0,0,0,0,0,0,0,0,1,0,0,2,0,0,0,0,0,0,0,0,0
1,3,0,2,0,2,2,0,1,0,1,2,4,0,1,1,1,0,0,0,0,0,3,0,0,0,0,0,1,0,0,0,0,0,0,0,0,0,0,0,0
1,3,0,1,1,2,2,0,2,0,1,2,4,0,1,3,0,0,0,0,0,0,0,0,0,0,0,2,1,0,0,0,0,0,1,0,0,0,0,0,0
0,2,0,2,0,1,2,0,1,0,1,2,2,0,0,0,1,0,0,0,1,0,3,0,0,0,0,2,0,0,0,2,0,0,0,0,0,0,0,0,0
0,3,0,2,0,1,2,0,0,0,1,2,0,0,0,3,1,0,0,0,0,0,0,0,0,0,0,0,0,0,0,2,0,0,0,1,0,0,0,0,0
0,3,0,2,0,1,0,0,2,0,2,2,4,0,0,0,1,0,7,0,0,0,0,0,0,0,0,0,0,0,0,0,0,0,0,0,0,0,0,0,0
0,3,0,3,0,1,0,0,2,0,1,2,4,0,0,0,0,0,7,0,0,0,0,0,0,0,0,0,0,0,0,0,0,0,0,0,0,0,0,0,0
0,3,0,3,0,1,0,0,2,0,1,2,4,0,0,0,0,0,0,0,0,0,0,0,0,20,0,0,0,0,0,0,0,0,0,0,0,0,0,0,0
0,2,0,3,0,2,0,0,2,0,1,2,0,0,0,0,0,0,7,0,0,0,0,0,0,0,0,0,0,0,0,2,0,0,0,0,0,0,0,0,0
0,3,0,2,0,1,2,0,2,0,0,2,4,0,1,4,1,0,0,0,0,0,0,0,0,0,0,0,0,0,0,0,0,0,0,0,0,0,0,0,0
0,3,0,2,0,2,2,0,0,0,2,2,4,0,1,3,0,0,0,0,1,0,0,0,0,0,1,0,0,0,0,0,0,0,0,0,0,0,0,0,0
0,3,0,2,0,1,0,0,2,0,1,2,4,1,1,3,1,0,0,0,1,0,0,0,0,0,0,0,0,0,0,0,0,0,0,0,0,0,0,0,0
0,3,0,2,0,1,0,0,2,0,1,2,4,1,1,3,1,0,0,0,0,0,0,0,0,0,0,0,0,0,0,0,0,0,0,0,0,0,0,0,0
0,3,0,1,0,1,2,1,1,0,0,2,4,0,0,0,0,0,0,0,0,0,0,0,0,0,0,0,0,0,0,0,0,0,0,0,0,0,0,0,0
0,3,0,2,0,2,0,0,2,0,1,2,4,0,0,0,0,0,0,0,0,0,0,0,0,0,0,0,0,0,0,0,0,0,0,0,0,0,0,0,0
0,3,0,3,0,1,0,0,0,0,1,2,4,1,1,1,0,0,7,0,0,0,0,0,0,0,0,0,0,0,0,0,0,0,1,0,0,0,0,0,0
0,3,0,2,1,1,0,0,2,0,1,2,4,1,0,0,0,0,7,0,0,0,0,0,0,20,0,0,0,0,0,0,0,1,1,0,0,0,0,0,0
0,3,0,1,0,2,2,0,2,1,1,2,0,0,0,0,0,0,7,0,0,0,0,0,0,0,0,0,1,0,0,2,0,2,1,0,0,0,0,0,0
0,3,0,2,0,1,2,0,0,0,0,2,4,0,0,0,0,0,7,0,0,0,0,0,0,0,0,0,1,0,0,2,0,0,0,1,0,0,0,0,0
0,3,0,2,0,2,2,1,1,1,1,2,2,0,0,3,1,0,0,0,0,0,0,0,0,20,0,2,1,0,0,1,0,0,0,0,0,0,0,0,0
0,3,0,3,0,1,0,0,2,0,0,2,1,0,0,0,0,0,0,0,0,0,0,0,0,0,0,0,0,0,0,0,0,0,0,0,0,0,0,0,0
0,3,0,3,0,0,2,0,0,0,2,2,0,0,0,1,1,0,0,0,0,0,0,0,0,20,0,3,0,0,0,0,0,0,0,0,0,0,0,0,0
0,3,0,2,0,1,2,1,2,0,0,2,4,0,0,4,0,0,0,0,1,0,0,0,0,20,0,0,0,0,0,2,0,0,0,0,0,0,0,0,0
0,3,0,2,0,2,2,0,2,0,0,2,4,0,0,0,0,0,0,0,0,0,0,0,0,0,0,0,0,0,0,0,0,0,0,0,0,0,0,0,0
0,3,0,2,0,1,0,0,2,0,2,2,4,0,1,4,1,0,0,1,0,0,0,0,0,20,0,3,1,0,0,2,0,0,0,0,0,0,0,0,0
0,3,0,2,0,1,0,0,2,0,2,2,4,0,0,0,0,0,7,1,1,0,3,0,0,0,0,0,1,1,0,0,0,0,0,0,0,0,0,0,0
0,3,0,2,0,1,0,0,2,0,1,2,4,0,0,0,0,0,7,0,0,0,0,0,0,0,0,0,1,0,0,2,0,0,0,0,0,0,0,0,0
0,2,1,1,0,1,0,0,0,0,2,2,4,0,1,1,0,0,7,1,0,0,0,0,0,0,0,0,1,0,0,0,0,0,0,0,0,0,0,0,0
0,2,0,2,0,1,2,0,2,0,1,2,4,0,0,0,1,0,0,0,1,0,3,0,0,0,0,2,0,0,0,0,0,0,0,0,0,0,0,0,0
0,2,0,2,0,2,2,0,1,0,1,2,4,0,0,1,1,0,0,0,1,0,0,0,0,0,0,0,0,0,0,0,0,0,0,0,0,0,0,0,0
0,0,0,2,0,2,2,0,2,0,1,2,4,0,0,4,1,0,0,0,0,0,0,5,0,0,0,0,0,0,0,0,0,0,0,0,0,0,0,0,0
0,3,0,2,0,1,2,0,2,0,0,2,0,0,0,0,1,0,0,1,1,0,3,0,0,0,0,1,1,0,0,2,0,0,1,0,0,0,0,0,0
0,2,1,3,0,1,0,0,0,0,2,2,4,0,1,1,1,0,0,0,0,0,0,0,0,0,0,0,0,0,0,2,0,0,0,1,0,0,0,0,0
0,3,0,3,0,1,0,0,2,0,0,2,1,0,1,3,0,0,7,0,0,0,0,0,0,0,0,0,0,0,0,0,0,0,0,0,0,0,0,0,0
0,3,0,3,0,1,2,1,2,0,0,2,4,0,0,0,1,0,0,0,0,0,0,0,0,0,0,0,0,0,0,0,0,0,0,0,0,0,0,0,0
0,3,1,2,0,1,2,0,2,0,0,2,0,0,0,0,0,0,0,0,1,0,3,0,0,0,0,0,0,0,0,0,0,0,0,1,0,0,0,0,0
0,3,0,2,0,1,2,0,0,0,0,2,4,0,1,1,1,0,0,1,1,0,3,0,0,0,0,0,1,0,0,2,0,0,0,0,0,0,0,0,0
0,3,0,2,0,2,0,2,0,0,1,2,4,0,0,1,0,0,0,0,0,0,0,0,0,0,0,0,1,0,0,0,0,0,0,0,0,0,0,0,0
0,3,0,3,0,2,0,0,2,0,1,2,4,0,0,3,0,0,7,0,0,0,0,0,0,20,0,0,1,0,0,0,0,0,0,0,0,0,0,0,0
0,3,0,3,0,1,2,0,2,0,2,2,0,0,0,3,1,5,7,1,0,0,0,0,0,0,0,0,1,0,0,0,0,0,0,0,0,0,0,0,0
0,3,0,0,0,2,2,0,2,0,0,2,4,0,0,0,1,0,0,0,0,0,0,0,0,0,0,0,0,0,0,0,0,0,0,0,0,0,0,0,0
0,3,0,3,0,2,0,0,2,0,0,2,4,0,0,0,0,0,0,0,0,0,0,0,0,0,0,0,0,0,0,0,0,0,0,0,0,0,0,0,0
0,3,0,3,0,2,0,0,2,0,0,2,1,0,0,0,0,0,7,0,0,0,0,0,0,0,0,0,0,0,0,0,0,0,0,0,0,0,0,0,0
1,2,1,1,1,1,1,3,0,1,2,3,3,1,1,3,0,0,7,1,1,0,0,0,0,20,1,3,1,0,0,1,1,2,1,1,0,0,0,0,0
1,3,2,3,1,0,2,1,0,0,0,2,2,0,1,3,0,0,7,0,0,0,0,0,0,0,0,0,0,0,2,0,0,1,0,0,0,0,0,0,0
0,2,0,2,0,1,0,0,2,0,0,2,0,0,0,3,0,0,0,0,0,0,0,0,0,20,1,3,0,0,0,0,0,0,0,0,0,0,0,0,0
0,3,0,1,0,2,2,0,0,0,1,1,1,0,0,1,0,0,0,0,0,0,3,0,0,0,0,1,0,0,1,2,0,1,0,0,0,0,0,0,0
0,3,2,3,0,1,2,0,0,0,2,2,1,0,1,3,1,0,0,0,0,0,0,0,0,0,0,0,1,0,0,2,0,0,0,1,0,0,0,0,0
0,3,1,2,0,1,2,0,2,0,0,2,4,0,0,0,1,0,0,0,1,0,0,0,0,20,0,0,1,1,0,0,0,0,0,0,0,0,0,0,0
1,3,0,1,0,1,2,0,1,0,2,2,0,0,0,2,0,0,7,0,0,0,0,0,0,0,0,0,1,1,0,2,0,0,1,0,0,0,0,0,0
0,3,0,1,0,1,2,1,0,0,1,2,0,0,0,0,1,0,0,0,1,1,0,0,0,0,0,2,1,1,1,1,0,0,1,1,0,0,0,0,0
0,3,0,3,0,1,0,0,2,0,2,2,4,0,0,0,0,0,7,0,0,0,0,0,0,0,0,0,1,0,0,0,0,0,0,0,0,0,0,0,0
1,3,1,2,0,1,2,0,0,0,2,2,1,0,0,0,1,0,7,0,1,0,3,0,0,0,0,1,1,0,2,2,1,1,0,1,0,0,0,0,0
0,3,0,2,0,1,2,0,0,1,1,2,4,0,0,0,1,0,0,0,1,0,3,0,0,0,0,2,0,0,2,1,1,0,0,1,0,0,0,0,0
0,2,0,3,0,2,0,0,2,0,0,2,0,0,0,0,0,0,7,0,0,0,0,0,0,0,0,0,0,0,0,1,0,0,0,1,0,0,0,0,0
0,2,0,2,0,1,0,0,2,0,0,2,4,0,0,0,1,0,0,0,0,0,0,0,0,0,1,0,0,0,0,2,0,0,0,0,0,0,0,0,0
1,2,0,2,0,1,2,0,2,0,0,2,4,0,0,0,0,0,7,0,0,0,0,0,0,0,0,1,1,0,0,2,0,0,0,0,0,0,0,0,0
1,3,0,1,0,1,2,0,0,0,0,2,0,0,1,1,1,0,7,0,1,0,0,0,0,0,0,3,0,0,0,2,0,0,0,0,0,0,0,0,0
1,2,0,1,0,1,0,0,2,0,0,2,4,0,0,0,0,0,0,0,0,0,0,0,0,0,0,0,0,0,0,2,0,0,0,0,0,0,0,0,0
0,2,0,1,0,1,2,0,2,0,0,2,4,0,0,0,1,0,0,0,0,0,0,0,0,0,0,0,1,0,0,1,0,0,0,0,0,0,0,0,0
0,2,1,3,0,1,2,0,0,0,0,2,0,0,1,3,1,0,0,0,1,0,3,0,0,0,1,2,1,0,2,2,1,0,0,1,0,0,0,0,0
1,2,1,2,0,1,0,0,2,0,0,3,4,0,1,1,0,0,7,0,0,0,0,0,0,0,0,0,0,0,0,1,0,0,0,0,0,0,0,0,0
0,3,1,2,0,1,0,0,2,0,0,3,4,0,0,0,1,0,7,0,0,0,0,0,0,0,0,2,1,0,0,1,0,0,0,0,0,0,0,0,0
0,3,0,2,1,2,0,0,0,0,0,3,4,0,1,2,1,0,7,0,0,0,0,0,0,20,0,0,1,0,0,2,0,0,0,1,0,0,0,0,0
0,3,0,2,0,2,2,0,0,0,0,2,4,0,0,0,0,0,7,0,0,0,0,0,0,0,0,2,1,0,1,1,0,2,0,1,0,0,0,0,0
0,2,0,2,0,1,0,0,2,1,0,2,4,0,1,3,0,0,7,0,0,0,0,0,0,0,0,0,1,0,0,1,1,0,0,0,0,0,0,0,0
1,2,0,2,0,1,0,0,2,1,1,2,1,0,0,0,0,0,0,0,0,0,0,0,0,20,0,3,1,0,1,1,0,0,0,0,0,0,0,0,0
0,2,0,2,0,2,0,0,2,0,0,2,3,0,1,3,1,0,0,0,0,0,0,0,0,0,0,0,0,0,2,2,1,2,0,0,0,0,0,0,0
0,3,1,2,0,2,2,0,2,1,1,2,4,0,0,3,1,0,0,0,1,0,3,0,0,0,0,1,1,0,1,1,1,2,0,0,0,0,0,0,0
0,2,1,2,0,2,2,0,2,1,1,2,4,0,1,3,1,0,0,0,1,0,3,0,0,0,0,1,0,0,1,1,1,1,0,0,0,0,0,0,0
0,3,2,3,1,2,2,0,2,1,1,2,1,0,0,0,1,0,7,0,1,0,0,0,0,20,1,1,1,0,1,1,0,1,0,1,0,0,0,0,0
1,2,0,3,0,1,2,0,2,1,0,2,1,0,1,3,1,0,0,0,1,0,3,0,0,0,0,1,1,0,0,1,1,1,0,0,0,0,0,0,0
1,2,0,1,0,1,2,0,2,0,0,2,0,0,0,0,0,0,0,0,0,0,0,0,0,0,0,0,0,0,0,2,0,0,0,0,0,0,0,0,0
0,3,2,1,0,2,2,0,0,0,2,2,0,0,1,1,1,0,0,0,0,0,0,0,0,0,1,0,1,0,0,2,1,0,0,1,0,0,0,0,0
1,3,0,1,0,1,2,0,0,0,0,2,2,0,1,1,1,5,7,1,0,0,0,0,0,0,0,1,0,0,0,2,0,0,0,0,0,0,0,0,0
0,3,1,2,0,2,0,0,2,0,1,2,3,0,0,3,1,0,0,0,0,0,0,0,0,0,0,0,1,0,0,0,0,0,0,1,0,0,0,0,0
0,3,0,1,0,2,0,0,2,0,2,2,4,0,0,0,1,0,7,0,0,0,0,0,0,0,0,0,1,0,0,2,0,0,0,1,0,0,0,0,0
0,3,0,1,0,2,0,0,2,0,2,2,4,0,0,0,1,0,7,0,0,0,0,0,0,0,0,0,1,0,0,2,0,0,0,1,0,0,0,0,0
1,3,0,1,0,2,2,0,2,0,0,2,4,0,0,0,0,0,0,0,0,0,0,0,0,0,0,0,1,0,0,2,0,0,0,1,0,0,0,0,0
0,3,0,0,0,1,0,0,2,0,0,3,2,0,1,1,0,0,0,0,0,0,0,0,0,0,0,0,1,0,0,2,0,0,0,0,0,0,0,0,0
0,2,0,0,0,1,2,0,2,0,0,2,4,0,0,0,0,0,0,0,0,0,0,0,0,0,0,0,1,0,0,2,0,0,0,0,0,0,0,0,0
0,2,0,2,0,2,2,0,0,0,0,3,4,0,0,0,1,0,0,0,0,0,0,0,0,0,0,0,0,0,0,2,0,0,0,1,0,0,0,0,0
0,2,0,2,0,2,0,0,1,0,0,0,1,0,0,0,1,5,7,0,0,0,0,0,0,0,0,0,1,0,1,2,1,2,0,1,0,0,0,0,0
0,2,0,2,0,1,0,0,2,0,0,2,4,0,0,0,1,0,0,0,0,0,0,0,0,0,0,0,1,0,1,1,0,0,0,0,0,0,0,0,0
0,2,1,1,0,2,2,0,2,1,1,2,0,0,0,0,0,0,7,1,1,0,0,0,0,20,0,2,0,0,2,1,0,0,0,1,0,0,0,0,0
1,3,0,1,0,2,0,0,2,0,0,2,1,0,1,1,1,0,7,0,0,0,0,0,0,0,0,0,1,0,0,2,0,0,0,1,0,0,0,0,0
0,3,0,2,0,2,0,0,0,0,1,2,2,0,1,3,1,0,0,0,0,0,0,0,0,20,0,2,1,0,1,2,0,0,0,0,0,0,0,0,0
0,3,1,3,0,1,0,0,1,0,2,2,1,0,1,3,1,0,7,0,1,0,3,0,0,20,0,1,0,0,1,1,0,1,0,0,0,0,0,0,0
0,3,0,2,0,1,0,0,0,0,2,3,0,0,1,1,0,5,0,1,0,0,3,0,0,0,0,2,0,1,2,2,0,0,0,0,0,0,0,0,0
0,3,0,3,1,1,2,0,2,1,1,2,1,0,1,1,0,0,7,0,1,0,3,0,0,0,0,2,1,0,0,1,0,0,1,1,0,0,0,0,0
1,2,0,2,0,2,0,0,0,0,1,2,4,0,0,0,0,0,7,0,1,0,0,0,0,20,0,1,0,0,1,1,0,0,0,1,0,0,0,0,0
1,2,0,1,0,1,2,0,2,0,0,2,0,0,1,3,1,0,0,0,0,0,0,0,0,0,0,0,1,0,0,2,0,0,0,0,0,0,0,0,0
1,2,0,2,0,1,0,0,0,0,0,2,4,0,0,0,0,0,7,1,0,0,0,0,0,0,0,0,0,0,1,1,0,2,0,0,0,0,0,0,0
0,2,0,2,0,1,0,0,2,0,2,2,4,0,0,0,1,0,7,0,0,0,0,0,0,0,0,0,1,0,0,2,0,0,0,0,0,0,0,0,0
0,3,0,2,0,1,2,0,0,0,0,2,4,0,1,3,1,0,0,0,0,0,0,0,0,0,0,0,1,0,0,2,1,0,0,0,0,0,0,0,0
0,3,0,2,0,2,0,0,2,0,2,2,0,0,0,0,1,0,0,0,1,0,0,0,0,20,0,1,0,0,1,2,0,1,0,0,0,0,0,0,0
0,3,0,2,0,2,0,0,0,0,0,2,4,0,0,0,0,0,0,0,0,0,0,0,0,0,0,0,0,0,0,2,0,0,0,0,0,0,0,0,0
0,2,0,2,0,1,0,0,2,0,0,2,4,0,0,0,1,0,0,0,0,0,0,0,0,0,0,0,0,0,0,2,0,0,0,0,0,0,0,0,0
0,3,1,2,0,1,0,0,2,0,2,2,4,0,0,0,1,0,0,0,0,0,0,0,0,0,0,0,0,0,0,2,0,0,0,0,0,0,0,0,0
1,2,0,2,0,0,0,0,2,0,2,2,4,0,0,0,1,0,0,0,0,0,0,0,0,0,0,0,0,0,0,1,1,0,0,0,0,0,0,0,0
0,3,1,2,0,1,0,0,2,0,2,2,1,0,0,0,0,0,7,0,1,0,3,0,0,0,0,2,0,0,1,1,0,1,0,1,0,0,0,0,0
1,3,0,1,1,1,0,0,2,0,2,2,1,0,1,3,0,0,7,0,0,0,0,0,0,20,0,1,0,0,1,2,0,0,0,1,0,0,0,0,0
1,3,1,1,0,2,2,0,2,0,1,2,0,0,1,4,1,0,7,0,0,0,0,0,0,0,0,0,1,0,0,1,0,0,1,0,0,0,0,0,0
0,3,0,2,0,1,0,0,0,0,0,2,4,0,0,0,1,0,7,0,0,0,0,0,0,0,0,0,1,0,0,2,0,0,0,0,0,0,0,0,0
1,3,0,3,0,1,0,0,0,0,2,2,4,0,1,1,1,0,7,0,0,0,0,0,0,0,0,0,1,0,0,2,0,0,0,0,0,0,0,0,0
0,3,0,2,1,2,2,0,2,0,0,2,0,0,1,1,1,0,0,0,0,0,0,0,0,0,0,0,0,0,0,2,0,0,0,0,0,0,0,0,0
0,2,1,2,0,1,2,0,2,1,1,2,3,0,1,1,1,0,0,1,1,0,3,0,0,0,0,2,0,0,0,1,0,2,0,1,0,0,0,0,0
1,3,0,2,0,2,0,0,0,0,0,2,1,0,0,0,1,0,0,0,1,0,3,0,0,0,0,1,1,0,1,1,0,1,0,1,0,0,0,0,0
0,2,0,2,0,1,2,0,0,1,2,2,4,0,1,1,1,0,0,0,0,0,0,0,0,0,0,0,1,0,1,1,0,2,0,1,0,0,0,0,0
0,2,0,3,0,1,0,0,2,1,2,2,1,0,0,0,0,0,0,0,1,0,3,0,0,0,0,1,0,1,1,1,0,0,0,0,0,0,0,0,0
0,2,0,0,0,1,2,0,0,1,0,2,0,0,1,3,1,0,0,0,1,0,3,0,0,0,0,1,1,0,1,1,0,0,0,1,0,0,0,0,0
0,3,1,2,0,1,2,0,0,1,2,3,0,0,0,0,1,0,0,0,1,0,3,0,7,0,0,2,0,0,1,2,0,1,0,0,0,0,0,0,0
1,3,1,3,0,1,0,0,0,0,0,2,1,0,1,3,1,0,0,0,0,0,0,0,0,0,0,0,1,0,0,1,0,0,0,0,0,0,0,0,0
0,2,0,2,0,1,2,0,0,0,2,2,3,0,1,1,1,5,7,0,0,0,0,0,0,0,0,1,1,0,0,2,1,2,0,1,0,0,0,0,0
1,2,0,2,0,2,2,0,0,0,1,2,4,0,0,0,1,5,7,0,1,0,3,0,0,0,0,0,1,0,2,2,0,2,0,1,0,0,0,0,0
0,3,0,1,0,1,2,0,0,1,1,2,1,0,0,0,1,0,0,0,0,0,0,0,0,0,0,0,0,0,0,1,0,0,0,0,0,0,0,0,0
0,3,0,2,0,1,0,0,1,0,0,2,4,0,0,0,0,0,0,0,0,0,0,0,0,0,0,0,0,0,0,2,0,0,0,0,0,0,0,0,0
0,3,0,3,0,1,0,0,2,0,2,2,0,0,0,0,1,0,0,0,0,0,0,0,0,0,0,0,0,0,0,2,0,0,0,0,0,0,0,0,0
1,2,1,1,0,2,2,0,0,0,1,2,0,0,1,1,1,0,0,1,1,0,3,0,0,0,0,1,1,0,1,1,1,1,0,1,1,0,0,0,0
1,3,0,1,0,2,2,0,0,0,0,2,1,0,0,0,1,0,0,0,0,0,0,0,0,0,0,0,0,0,0,0,0,0,0,1,0,0,0,0,0
0,2,0,2,1,1,2,0,2,1,0,2,4,0,1,1,1,0,7,0,0,0,0,0,0,0,0,0,1,0,0,2,0,0,0,0,0,0,0,0,0
0,2,0,2,0,1,0,0,1,1,0,2,4,0,1,1,1,0,7,0,0,0,0,0,0,0,0,0,1,0,2,1,0,0,0,0,0,0,0,0,0
0,3,0,1,0,2,2,0,1,0,2,2,0,0,1,2,0,0,0,0,0,0,3,0,0,0,0,2,0,0,2,0,0,0,0,0,0,0,0,0,0
0,3,0,2,0,1,2,0,0,0,1,2,4,0,1,3,1,0,7,0,0,0,0,0,0,0,0,2,1,0,2,1,1,2,0,1,0,0,0,0,0
1,3,0,3,0,1,0,0,0,0,2,2,4,0,0,0,1,0,0,0,0,0,0,0,0,0,0,0,0,0,0,2,0,0,0,0,0,0,0,0,0
0,2,0,2,0,2,2,0,0,0,0,2,1,0,0,0,0,0,7,0,1,0,0,0,0,20,0,1,0,0,2,1,0,0,0,0,0,0,0,0,0
0,2,1,1,0,2,0,0,0,0,1,2,0,0,0,0,1,0,7,0,1,0,0,0,0,20,0,2,1,0,0,1,0,0,0,1,0,0,0,0,0
1,2,1,2,0,1,2,0,1,0,2,2,0,0,0,0,1,0,7,0,0,0,0,0,0,0,0,0,0,0,0,2,0,0,0,1,0,0,0,0,0
1,2,0,1,0,1,0,0,0,0,1,1,1,0,0,0,0,0,0,0,1,0,3,0,0,20,0,1,0,0,1,2,0,0,0,0,0,0,0,0,0
0,3,0,1,1,1,0,0,0,0,0,2,4,0,1,1,1,0,0,1,1,0,3,0,0,0,1,0,0,0,0,2,0,0,0,0,0,0,0,0,0
0,3,0,2,1,2,2,0,0,0,1,2,0,0,0,0,1,0,7,1,1,0,3,0,0,20,1,2,1,0,0,1,0,0,0,1,0,0,0,0,0
1,2,0,3,0,1,2,0,0,0,2,2,1,0,0,0,1,0,0,0,0,0,0,0,0,0,0,0,0,0,0,2,0,0,0,1,0,0,0,0,0
0,2,0,1,1,1,2,0,2,1,0,2,4,0,1,3,0,0,7,1,1,1,3,0,0,0,0,1,1,1,1,1,0,2,1,1,0,0,0,0,1
0,3,0,1,0,2,0,2,1,0,1,1,1,0,0,0,0,0,0,0,1,0,0,5,0,0,0,2,1,1,1,2,0,1,1,1,0,0,0,0,1
1,3,0,1,0,2,0,1,0,1,1,3,2,0,0,3,0,5,0,0,1,1,3,5,7,20,0,2,1,0,1,1,1,1,0,0,1,1,0,0,1
1,3,0,1,0,2,0,1,0,1,1,3,2,0,0,3,0,5,0,0,1,1,3,5,7,20,0,2,1,0,1,1,1,1,0,0,1,1,0,0,1
0,1,2,2,0,1,2,0,0,0,2,3,4,1,1,3,1,5,7,0,1,1,3,5,0,20,0,3,1,1,1,1,0,1,1,1,1,0,1,1,1
1,3,0,1,0,1,0,1,0,1,0,3,2,0,0,0,0,5,0,0,0,0,0,0,0,0,0,0,1,0,1,1,1,1,0,0,0,1,0,0,0
0,3,0,2,0,2,2,0,0,1,0,2,4,0,0,1,0,0,0,0,1,0,0,0,0,20,0,2,0,0,1,1,0,2,1,0,0,0,0,0,1
0,3,0,3,1,2,0,1,2,1,0,0,3,0,0,0,0,0,0,0,1,0,3,5,0,0,1,1,1,1,1,1,1,1,1,1,1,0,1,0,1
0,3,0,3,0,2,2,0,2,0,2,1,0,0,0,0,0,0,0,0,0,0,0,0,0,0,0,2,0,0,0,2,0,0,0,0,0,0,0,0,0
1,3,1,3,0,2,2,0,0,0,2,0,0,0,0,3,0,0,0,0,0,0,0,0,0,0,0,0,1,0,1,1,0,0,1,0,0,0,0,0,0
0,3,0,0,0,2,2,0,0,1,0,2,1,0,0,3,1,0,0,1,1,0,0,5,0,0,0,3,1,0,1,1,0,0,1,0,1,0,0,0,1
0,3,0,3,0,2,2,0,0,0,0,0,1,0,0,0,1,0,7,0,1,0,3,0,0,0,0,2,0,0,1,1,0,0,0,0,0,0,0,0,1
0,3,0,3,0,2,2,0,1,1,1,2,4,0,0,0,1,0,0,1,1,1,0,0,0,0,0,1,1,0,1,1,0,2,0,1,1,0,1,0,1
0,3,0,3,0,2,2,0,1,1,0,3,2,0,0,0,0,0,0,0,1,0,3,5,0,20,0,2,1,0,1,1,0,0,0,0,0,0,0,0,1
0,3,0,2,0,2,1,0,0,1,0,2,4,0,0,0,0,5,0,0,0,0,0,0,0,20,0,1,0,0,1,1,0,2,1,1,1,0,1,0,1
1,3,0,3,0,2,2,0,0,1,1,0,1,0,0,0,0,0,7,0,1,1,3,5,7,20,0,2,0,0,1,2,0,0,1,1,0,0,0,0,1
1,3,0,3,0,2,2,0,0,1,1,0,1,0,1,3,0,0,0,0,1,0,3,0,0,0,0,2,1,0,1,1,1,1,1,0,1,0,1,0,1
0,3,1,0,0,2,0,1,1,1,1,1,3,0,0,3,1,0,0,0,1,1,3,5,0,0,0,1,1,1,1,1,0,1,1,1,1,1,1,0,1
0,3,0,3,1,2,2,0,0,1,1,2,4,0,1,3,0,0,7,0,1,0,3,0,0,0,0,3,1,0,1,1,0,1,1,1,1,0,1,1,1
0,3,0,2,0,2,0,0,0,1,1,2,0,0,0,0,1,0,7,0,1,1,3,5,0,20,0,1,0,1,1,1,1,1,1,0,0,0,0,0,1
0,3,1,2,0,2,2,0,1,0,0,2,4,0,0,0,0,0,0,0,1,1,3,0,0,0,0,1,0,0,2,2,0,0,1,0,0,0,0,0,1
1,3,0,1,0,2,0,0,2,0,1,2,0,0,0,0,1,0,0,0,0,0,0,0,0,0,0,0,1,0,1,1,0,0,0,1,0,0,0,0,0
0,3,1,3,0,2,2,0,1,0,0,2,2,0,1,1,1,0,7,0,1,1,0,0,0,0,0,1,0,0,2,2,0,0,0,0,0,0,0,0,1
1,1,1,2,1,1,0,0,1,1,1,1,1,0,0,0,1,0,0,0,1,0,3,0,0,0,1,3,0,0,1,1,0,0,0,0,1,0,1,0,1
0,3,0,0,0,2,2,0,1,0,2,2,0,0,0,0,1,0,0,0,1,0,3,0,0,0,0,1,1,0,1,1,0,1,1,1,1,0,0,0,1
0,3,0,1,1,2,0,0,0,0,1,2,0,0,1,1,1,0,7,0,1,0,3,0,0,0,0,1,0,0,1,1,1,2,0,0,0,0,0,0,1
0,3,0,3,0,2,0,1,2,0,1,2,1,0,0,3,0,0,7,0,0,0,0,0,0,0,0,0,0,0,0,0,0,0,0,0,0,0,0,0,0
0,3,1,2,0,2,2,0,0,1,1,0,1,0,0,3,1,0,0,0,1,0,0,0,0,20,0,2,1,0,1,1,0,0,1,0,0,0,0,0,1
0,2,0,3,0,2,1,0,0,0,2,1,1,1,1,1,0,0,0,0,0,1,3,0,0,0,0,1,1,0,1,1,1,1,0,1,1,1,0,0,1
0,2,1,2,0,2,2,0,0,1,1,2,0,0,0,3,0,0,7,0,1,0,3,0,0,20,0,1,0,0,1,2,0,1,1,0,0,0,0,0,1
1,2,0,3,0,1,0,0,0,0,1,2,1,0,0,3,0,0,0,0,0,0,0,0,0,0,0,2,0,0,2,1,0,0,0,0,0,0,0,0,0
0,3,1,2,0,2,2,0,1,1,2,2,0,0,0,3,1,0,0,0,1,0,3,0,0,0,0,1,1,0,1,1,1,2,1,1,0,0,0,0,1
0,3,0,2,0,2,2,0,0,1,1,3,4,0,0,0,1,0,0,0,1,0,3,0,0,0,0,3,1,0,1,1,0,1,0,0,0,0,0,0,1
0,3,0,2,0,2,2,0,0,1,1,2,1,0,0,3,0,0,7,0,1,1,3,5,0,0,0,1,1,0,1,1,1,2,0,0,1,0,1,0,1
1,2,1,3,0,2,1,0,1,0,1,1,2,1,0,1,1,0,7,1,1,0,3,0,0,0,0,1,1,0,1,1,1,1,1,1,1,0,0,0,1
0,3,1,0,0,2,2,0,1,0,0,2,4,0,0,0,1,0,0,0,1,1,3,5,7,0,0,2,1,0,1,1,0,2,0,1,0,0,0,0,1
0,2,2,2,0,2,0,1,2,0,1,3,4,0,0,0,1,0,7,0,1,0,0,5,0,0,0,3,1,1,1,1,0,1,1,1,1,0,1,0,1
0,3,2,2,1,2,1,0,0,1,1,2,4,1,1,2,0,0,0,0,1,1,3,0,0,20,0,1,1,0,1,1,0,2,1,1,0,0,0,0,1
0,3,1,1,1,1,0,2,1,0,2,1,1,0,0,0,0,0,7,0,1,0,3,0,0,0,0,3,0,1,1,1,0,0,1,1,0,0,0,0,1
1,2,0,1,0,2,2,1,0,1,1,2,1,1,1,4,0,0,0,0,1,1,0,0,0,0,1,3,1,1,1,0,1,1,1,1,0,0,0,0,1
1,3,0,1,0,2,2,1,1,0,1,0,2,0,0,0,1,0,0,0,1,1,3,5,7,20,0,3,0,1,1,1,0,0,1,1,1,0,1,0,1
0,3,2,0,0,1,2,1,0,0,2,0,2,0,1,2,0,0,0,0,1,1,0,0,0,0,0,1,0,0,1,1,1,0,1,1,0,0,0,0,1
0,2,0,2,1,1,2,0,1,0,0,3,4,0,0,0,1,0,0,0,1,1,0,0,0,0,1,3,0,0,1,1,0,1,1,0,1,0,1,0,1
0,0,0,3,0,2,2,2,1,1,1,3,4,0,1,4,0,5,0,1,1,1,0,0,0,0,0,3,1,1,1,1,1,1,1,1,0,0,0,0,1
0,0,1,0,0,2,0,1,2,1,1,3,4,0,0,2,0,0,0,0,1,1,0,0,0,0,0,3,0,1,2,1,0,0,1,1,1,1,1,0,1
0,3,0,1,0,1,0,0,1,0,0,1,2,0,0,0,0,0,7,0,1,0,0,0,0,20,0,0,0,0,1,1,0,2,0,0,0,0,0,0,1
0,0,2,3,0,2,0,1,2,0,1,0,1,0,1,2,0,0,0,0,1,1,0,0,0,0,0,3,1,0,1,1,1,1,1,1,0,0,1,0,1
0,2,1,2,1,1,2,0,1,1,1,2,4,0,1,4,1,0,7,1,1,1,3,5,0,0,1,3,1,1,1,2,0,1,1,1,1,0,1,0,1
0,1,0,2,0,2,2,0,1,1,1,3,4,0,0,0,0,0,0,0,1,0,3,0,0,0,1,3,1,0,1,1,1,1,1,1,1,1,1,0,1
0,1,0,2,1,1,0,1,1,1,1,1,3,0,0,2,0,0,0,0,1,0,3,0,0,0,1,3,1,0,1,1,1,0,0,0,1,1,1,1,1
1,2,0,2,0,2,2,0,0,0,1,3,4,0,0,0,0,0,0,0,1,1,3,0,0,0,0,3,1,0,1,1,0,2,1,1,0,0,0,0,1
0,2,1,1,0,2,2,0,0,0,1,2,4,0,0,0,0,5,0,1,1,0,0,0,0,20,0,1,1,1,1,1,0,2,1,0,0,0,0,0,1
0,2,0,2,0,1,2,0,1,1,0,2,0,0,0,1,0,0,7,1,1,1,0,0,0,0,0,1,1,1,1,1,1,1,0,1,1,0,0,0,1
0,1,2,2,0,0,2,1,1,0,2,1,1,0,1,3,0,5,0,1,1,0,3,0,0,0,0,3,1,0,1,1,0,2,0,1,1,0,0,0,1
0,1,1,3,0,2,2,1,2,0,1,0,1,0,1,2,1,0,0,0,1,0,0,0,0,20,0,1,0,0,1,1,1,2,1,0,0,0,0,0,1
0,1,1,1,0,1,2,0,1,0,2,2,4,0,0,0,1,0,0,0,1,1,3,0,0,0,1,3,0,1,1,2,0,1,1,0,0,0,0,0,1
1,3,0,2,0,1,0,1,1,0,0,0,1,0,1,1,0,5,0,1,1,1,3,5,0,0,1,1,1,1,1,2,0,2,1,1,0,0,0,0,1
1,3,2,0,1,1,2,0,0,1,1,2,4,1,1,1,0,0,0,0,1,1,3,5,7,0,1,1,0,1,1,1,0,0,1,0,1,0,1,0,1
1,0,1,1,0,1,0,1,1,0,1,2,2,0,1,4,0,0,0,0,0,1,3,5,7,0,1,3,0,0,2,2,0,2,1,0,0,1,1,0,1
0,3,0,2,0,2,0,1,2,0,0,0,3,0,0,0,1,0,0,0,1,0,0,0,0,20,0,3,1,0,1,1,0,2,1,0,0,0,0,0,1
0,3,1,3,1,1,2,1,2,0,0,1,2,0,0,3,1,0,0,0,0,0,0,0,0,20,0,1,0,0,1,2,0,0,0,0,0,0,0,0,1
0,3,1,2,0,1,2,1,2,0,1,0,0,0,1,1,1,0,0,0,0,0,0,0,0,20,0,2,1,1,1,1,1,2,1,1,0,0,0,0,1
0,2,0,3,0,2,2,1,1,1,1,1,2,0,1,3,0,0,7,1,1,0,0,5,0,0,0,3,1,1,1,1,0,1,1,1,1,0,1,0,1
0,2,1,3,0,1,2,0,0,1,2,0,1,0,1,3,1,0,7,0,1,1,3,0,0,20,0,1,1,0,1,1,0,2,1,1,1,0,1,0,1
0,0,1,2,0,1,0,0,2,0,0,0,0,1,0,4,1,0,7,0,1,0,3,0,0,0,1,3,1,1,2,0,1,1,1,1,0,0,0,0,1
0,0,0,2,1,2,2,0,1,0,1,3,4,0,0,0,1,0,0,0,0,0,0,0,0,20,1,2,1,0,2,1,0,0,0,0,1,0,0,0,1
0,2,0,0,0,2,2,0,0,1,1,2,1,0,0,3,0,5,0,0,1,0,0,5,0,0,0,3,1,0,1,1,1,1,1,1,1,0,0,0,1
0,2,0,3,0,2,0,1,1,0,1,0,3,1,1,2,0,0,0,0,1,0,0,5,0,0,1,3,1,1,1,1,1,1,1,0,1,1,1,0,1
0,1,0,1,0,1,0,1,2,0,1,1,2,0,0,4,1,0,0,0,1,0,3,0,0,0,1,3,1,1,1,1,0,0,0,1,1,0,1,1,1
1,1,0,3,1,1,2,0,0,1,2,0,1,0,1,4,1,0,0,0,1,0,3,0,0,0,1,3,0,1,1,1,0,1,1,0,0,0,0,0,1
0,1,0,3,0,1,0,0,2,0,0,1,3,0,0,3,0,0,0,0,1,0,3,0,0,0,0,3,1,1,1,1,1,1,1,1,1,1,0,0,1
0,1,0,2,0,2,2,0,0,0,0,3,4,0,1,4,1,0,0,1,1,0,3,0,0,0,0,2,1,1,1,1,0,1,1,1,0,0,0,0,1
1,3,1,3,1,2,0,0,2,1,2,1,3,0,0,0,0,0,0,0,1,0,3,0,0,0,0,3,0,0,1,1,0,2,0,1,0,0,0,0,1
0,2,1,2,0,2,2,1,0,0,1,0,0,0,1,4,0,0,0,0,1,0,0,5,0,0,0,1,1,1,1,1,0,2,1,1,1,0,1,0,1
0,1,1,2,0,2,2,0,1,0,1,2,4,0,1,3,1,0,7,1,0,0,0,0,0,0,1,3,1,0,1,1,1,0,1,1,0,0,0,0,1
0,1,1,1,1,2,0,1,2,0,0,1,0,0,0,0,0,5,0,0,0,0,0,0,0,20,0,3,1,1,1,1,1,0,1,0,1,0,1,0,1
0,1,0,3,1,1,2,1,2,1,0,1,1,0,1,2,0,0,7,0,1,0,0,5,0,0,1,2,0,0,1,1,1,2,0,1,0,0,0,0,1
0,3,2,2,1,1,1,0,0,1,2,2,4,1,1,2,1,0,7,0,1,1,3,5,0,20,0,1,1,0,1,1,1,1,1,1,1,0,1,0,1
1,2,2,3,0,2,0,0,1,0,1,1,0,1,1,1,1,0,0,0,1,0,0,5,0,0,0,3,1,1,1,1,1,0,0,1,1,0,0,0,1
1,2,1,1,0,1,0,0,2,0,1,3,4,0,1,2,0,0,0,0,1,1,3,5,0,20,1,1,1,1,1,1,1,1,1,1,1,0,1,0,1
0,2,0,3,0,2,2,1,2,0,1,1,2,0,1,3,0,0,0,0,1,0,3,0,0,0,0,2,0,0,0,1,0,0,0,0,0,1,0,0,1
0,3,0,3,0,1,0,1,1,0,0,1,0,0,0,0,0,0,0,0,0,0,0,0,0,0,0,2,0,1,1,1,0,2,0,0,1,1,1,0,1
1,3,1,3,1,2,0,2,0,1,0,1,3,0,0,0,1,0,0,0,1,1,0,0,0,0,0,2,1,1,1,1,1,1,1,1,1,1,0,0,1
0,2,1,1,0,2,2,0,1,0,1,2,4,1,1,2,0,0,0,1,1,1,3,0,0,0,1,1,1,0,1,0,0,0,1,0,1,0,1,0,1
0,0,1,2,1,2,2,0,1,0,1,3,4,1,1,2,0,0,0,0,1,1,3,0,0,0,1,3,1,1,1,1,1,1,1,0,0,0,0,0,1
0,1,2,2,0,1,2,0,0,1,2,2,4,0,1,3,1,0,0,0,1,1,0,0,0,0,0,1,1,0,1,1,1,2,1,0,0,0,0,0,1
0,3,1,2,0,2,2,0,1,0,2,2,1,0,0,0,1,0,0,1,1,0,3,0,0,0,0,3,1,0,1,1,0,0,0,0,1,0,1,0,1
0,3,0,3,0,2,2,0,1,0,1,2,4,0,1,2,0,0,7,0,1,1,3,5,0,20,0,3,0,0,1,1,0,1,1,1,1,0,1,1,1
0,3,1,2,1,2,2,1,2,0,1,1,2,0,0,0,0,0,7,0,1,1,0,0,0,0,1,1,1,1,1,1,0,2,1,1,0,0,0,0,1
1,2,0,1,0,2,2,0,0,0,2,1,1,0,1,2,0,0,7,0,1,1,3,5,7,0,0,1,0,0,1,2,0,1,1,0,1,0,1,0,1
0,0,0,3,1,2,2,0,0,1,2,1,3,1,1,1,0,0,7,0,1,1,0,0,0,0,1,3,1,0,1,1,1,0,1,1,0,1,0,0,1
0,1,0,0,1,2,0,0,1,0,1,1,1,1,1,4,0,5,0,0,0,0,0,5,0,0,0,3,1,1,2,2,0,2,1,0,1,1,1,1,1
0,2,0,2,0,1,0,1,0,0,0,0,3,0,0,0,0,0,0,1,1,1,3,5,0,0,0,1,1,0,1,1,1,1,1,1,1,0,0,0,1
0,0,0,0,0,1,2,1,2,0,0,3,0,0,0,3,0,5,0,0,0,0,3,5,0,0,1,1,0,0,0,2,0,2,1,1,0,1,1,0,1
0,2,1,3,1,0,2,0,0,1,0,0,2,0,1,4,0,0,0,1,0,0,3,5,0,0,1,3,1,0,2,2,1,2,1,1,0,1,1,0,1
0,1,2,0,1,2,2,0,0,1,0,1,3,1,1,1,0,5,0,1,0,1,3,5,7,0,0,3,1,1,2,2,1,2,1,0,1,1,1,0,1
0,1,1,2,1,2,1,2,1,1,1,1,1,0,1,4,0,0,0,1,1,0,3,5,0,0,1,3,0,0,2,2,0,2,1,0,1,0,1,1,1
0,0,2,1,1,2,1,1,0,0,2,0,0,1,1,1,0,0,0,0,0,0,3,0,0,0,1,3,0,1,2,2,1,1,1,1,1,0,0,0,1
0,2,0,3,0,2,2,1,2,1,0,1,2,0,1,3,1,0,0,1,1,0,0,0,0,20,0,2,1,0,1,2,1,2,1,0,0,0,0,0,1
0,1,1,3,0,1,2,0,2,1,0,1,2,0,1,4,1,0,0,0,0,0,0,0,0,20,1,2,1,0,1,1,1,2,1,0,0,0,0,0,1
0,0,0,2,0,1,0,1,2,0,2,0,0,1,1,4,1,0,0,1,1,0,0,5,0,0,0,1,1,1,1,1,1,1,1,1,0,1,1,1,1
0,2,0,2,0,0,0,1,2,0,2,3,0,1,1,4,1,0,0,1,0,0,0,0,0,20,0,1,0,1,1,2,0,2,1,1,1,1,1,1,1
0,2,0,2,0,1,2,1,2,0,2,1,1,0,0,0,0,0,7,0,1,0,0,0,0,20,0,1,1,0,1,1,0,2,1,0,1,1,1,0,1
0,2,1,2,1,2,0,0,2,1,2,2,4,0,1,3,0,0,0,0,1,0,3,0,0,0,0,3,1,1,1,1,1,2,0,1,1,0,1,0,1
0,1,0,3,1,2,2,1,2,1,0,3,3,0,0,0,0,0,0,0,1,0,0,5,0,0,1,2,0,0,1,1,0,0,0,0,1,0,0,0,1
0,2,1,3,1,1,2,0,2,1,1,1,0,0,1,4,0,0,0,0,1,1,3,5,0,20,0,1,1,1,1,1,1,1,1,1,1,0,1,0,1
0,2,0,1,0,2,2,0,1,0,2,2,4,0,0,0,0,0,7,0,1,1,3,0,0,20,0,3,1,1,1,1,1,2,1,1,1,0,1,0,1
0,1,0,1,1,2,0,1,0,0,0,1,3,0,1,4,0,0,0,0,1,1,0,0,0,0,1,1,0,0,1,1,0,0,0,0,1,1,1,0,1
0,0,0,3,0,1,1,1,2,0,0,0,0,0,1,3,0,0,7,0,0,0,0,0,0,20,0,1,0,1,1,1,1,1,1,0,1,1,1,1,1
0,3,1,1,0,2,1,0,1,1,1,2,4,0,1,2,1,0,7,0,1,1,3,0,0,20,0,1,1,1,1,1,1,2,1,1,1,0,1,0,1
0,2,0,0,0,2,2,0,2,1,2,2,0,0,1,4,0,0,0,1,1,1,3,5,0,0,0,3,1,1,1,1,0,2,0,0,0,0,0,0,1
0,3,1,2,0,1,0,1,2,0,0,1,1,0,0,0,0,0,0,0,1,0,0,0,0,20,0,2,1,1,1,1,0,0,0,0,1,0,0,0,1
0,2,0,2,0,1,0,0,1,0,1,2,0,0,1,4,1,0,0,0,1,0,0,0,0,20,0,1,1,0,1,1,1,0,0,1,0,0,0,0,1
0,3,0,3,0,2,2,1,2,0,2,0,3,0,1,2,1,0,0,0,1,1,3,5,0,0,0,1,1,0,1,1,0,1,1,0,0,0,0,0,1
0,1,1,3,0,1,0,1,2,0,1,3,4,1,1,2,1,5,7,0,0,1,3,5,0,20,0,1,1,0,2,2,1,2,1,0,0,0,0,0,0
0,2,0,2,1,2,2,0,0,1,1,2,1,1,1,4,1,0,0,1,1,1,3,5,7,20,1,3,1,1,1,1,1,2,1,1,1,0,1,0,1
0,1,2,3,0,2,2,0,2,1,1,2,4,0,0,0,1,0,0,0,1,0,3,0,0,0,0,3,1,0,1,1,0,2,1,1,1,1,0,0,1
0,3,0,1,0,1,0,1,2,0,0,1,3,0,1,1,0,0,0,0,1,0,0,0,0,20,0,2,0,0,1,1,0,2,0,0,0,1,0,0,1
0,3,1,2,0,1,2,1,0,1,0,2,4,0,0,0,0,5,0,1,1,0,0,5,0,0,1,2,0,1,1,2,0,0,1,1,0,0,0,0,1
0,2,2,3,0,2,2,1,2,0,0,1,3,0,1,1,0,5,0,1,1,0,0,0,0,20,0,2,1,0,1,1,0,1,1,1,0,0,1,0,1
0,1,0,3,0,1,0,1,2,0,0,1,2,0,1,4,1,0,0,0,1,0,0,0,0,20,0,2,1,0,1,1,0,2,0,0,1,0,0,0,1
0,1,0,2,0,1,0,1,2,0,0,3,2,0,1,2,1,0,0,0,1,0,0,0,0,20,0,2,0,1,1,1,0,0,1,0,0,0,0,0,1
0,2,0,2,0,2,1,0,0,0,1,2,1,0,0,1,1,0,0,0,1,1,0,0,0,0,0,1,1,0,1,1,1,0,1,1,1,1,1,1,1
0,0,0,3,0,1,2,1,1,1,1,1,0,0,1,4,1,0,0,1,1,1,0,0,0,0,1,2,0,0,1,1,1,1,1,1,1,0,0,0,1
0,3,0,3,0,1,2,1,1,0,0,0,3,0,1,0,1,0,0,0,1,0,0,0,0,20,1,1,1,0,0,1,0,0,1,0,0,0,0,0,1
1,2,1,0,0,1,0,2,1,0,1,1,3,0,0,0,1,0,0,0,1,1,3,5,7,0,0,1,0,1,1,1,0,0,1,0,1,1,1,0,1
1,2,1,1,1,2,0,0,1,1,1,1,2,1,1,2,0,0,0,1,1,1,3,5,7,0,1,3,1,1,1,1,1,2,1,1,0,0,0,0,1
0,2,0,3,0,0,0,0,0,0,2,2,2,0,0,0,0,0,7,0,1,0,3,0,0,0,0,3,0,1,0,1,0,2,0,0,0,0,0,0,1
0,1,0,0,0,0,0,1,2,0,0,3,0,0,1,1,0,0,0,0,1,0,0,0,0,20,0,3,0,0,1,1,1,2,1,1,1,1,1,1,1
0,2,2,0,0,0,2,1,2,0,0,3,0,0,1,2,1,0,0,0,1,1,0,0,0,0,0,1,0,0,1,2,1,1,1,0,0,0,0,0,1
0,3,0,3,1,2,0,1,2,0,1,1,3,0,1,3,1,0,0,0,1,0,0,0,0,20,1,1,1,0,1,1,1,2,1,1,0,0,0,0,1
0,2,0,1,0,2,0,1,2,0,2,3,2,0,1,1,0,0,0,0,1,0,3,0,0,0,0,2,1,0,2,1,0,0,0,0,0,0,0,0,1
0,3,0,2,0,1,0,1,0,1,0,1,2,0,1,4,0,0,7,0,1,0,0,5,0,0,0,2,1,0,1,1,0,1,1,1,1,0,0,0,1
0,2,0,2,0,1,0,0,0,0,0,3,3,0,1,4,1,0,0,0,1,1,0,0,0,0,1,3,1,1,1,1,1,2,1,1,0,0,0,0,1
0,2,0,3,0,0,0,1,1,0,0,0,0,0,0,0,0,0,7,0,1,1,0,5,0,0,0,1,0,1,1,1,0,1,1,1,1,0,1,0,1
0,3,1,2,0,1,2,0,0,1,2,1,2,0,0,0,1,0,0,1,1,1,3,0,0,0,0,3,1,0,1,1,0,1,1,1,1,0,1,0,1
0,3,1,2,1,1,2,2,0,1,1,1,2,0,0,0,1,0,0,1,1,1,3,0,0,0,0,3,1,0,1,1,1,0,1,1,1,0,1,0,1
1,3,1,3,0,2,1,1,0,1,1,3,4,0,1,1,0,0,7,1,1,0,0,5,0,0,0,1,1,1,1,1,1,1,1,1,1,0,1,0,1
0,3,0,3,0,2,2,0,2,1,1,1,3,0,1,2,0,0,0,1,1,0,0,5,0,0,0,1,1,1,1,1,1,1,1,1,1,1,1,0,1
1,3,2,3,0,1,0,0,0,1,0,1,2,0,1,2,0,0,0,1,1,1,3,5,7,20,1,3,1,1,1,2,0,2,1,1,1,0,1,0,1
0,0,0,3,0,1,0,1,2,0,0,1,2,0,1,2,0,0,0,1,1,1,0,5,0,0,0,1,0,0,1,1,1,1,0,0,1,0,0,0,1
0,3,2,3,0,0,0,0,2,0,2,2,4,0,0,0,0,0,0,0,1,0,0,0,0,20,0,2,0,0,1,0,0,0,0,0,0,0,0,0,1
0,2,1,1,0,2,2,0,0,1,1,3,4,1,1,1,1,5,0,0,1,0,3,5,0,0,0,1,1,0,1,1,1,1,1,1,0,0,0,0,1
0,0,0,3,0,2,0,1,1,1,1,0,1,1,1,2,0,0,7,0,1,1,0,0,0,20,0,1,1,0,1,1,1,1,0,0,1,0,1,1,1
0,3,0,3,1,1,0,0,0,1,1,2,4,0,1,2,1,0,0,0,1,1,0,0,0,0,1,3,0,1,1,1,1,2,1,1,1,0,0,0,1
0,3,2,1,0,2,0,2,1,1,1,3,4,0,0,0,1,0,0,0,1,1,0,0,0,0,0,1,1,1,1,1,1,2,1,1,1,1,1,0,1
0,0,1,2,0,1,2,1,2,0,2,3,3,1,1,1,0,0,0,0,0,1,0,0,0,20,0,2,1,0,1,1,1,1,1,1,0,0,0,0,1
0,1,1,2,1,1,1,0,0,1,1,3,4,1,0,0,0,5,0,1,1,1,3,5,0,0,1,3,1,0,1,1,1,1,1,0,0,0,1,1,1
0,0,2,3,1,2,2,1,0,1,2,1,2,1,1,2,0,5,0,0,1,1,3,5,0,20,1,3,1,0,1,1,1,1,1,1,1,1,0,0,1
0,2,2,2,1,2,2,0,0,1,1,3,4,1,1,1,0,0,7,0,1,1,3,5,0,0,0,3,1,1,1,1,1,1,1,1,1,0,1,0,1
0,2,0,2,1,2,2,0,0,1,1,0,1,1,1,2,1,0,0,0,1,0,3,0,0,0,1,1,1,0,1,1,1,1,1,1,0,0,0,0,1
0,3,2,3,0,0,0,0,1,1,2,0,1,0,0,0,1,0,0,1,1,0,0,0,0,20,0,1,0,1,1,1,0,1,1,0,0,0,0,0,1
0,0,1,3,0,1,2,0,0,0,2,3,4,0,1,3,0,0,0,0,1,0,0,0,0,20,0,3,0,0,1,2,0,0,1,0,1,0,1,0,1
0,1,1,1,0,2,2,0,0,0,1,1,2,1,1,1,0,0,0,0,1,1,3,0,0,20,0,3,1,0,1,1,1,1,1,1,1,1,1,1,1
0,3,2,1,1,2,2,2,1,1,2,2,4,0,1,2,1,0,7,1,1,1,3,0,0,0,0,1,1,1,1,1,0,2,1,1,0,0,0,0,1
0,1,1,2,1,2,0,1,2,0,2,3,4,1,1,4,0,0,0,1,1,1,3,5,0,20,1,3,1,0,1,1,0,0,1,1,1,0,1,0,1
0,0,2,2,0,0,1,1,2,1,2,3,4,1,1,4,0,5,7,1,1,1,3,5,0,20,1,3,1,1,1,1,1,1,1,1,1,0,1,0,1
1,1,0,3,1,2,0,0,2,0,1,3,4,0,1,0,1,0,0,0,1,1,3,5,0,0,1,3,1,0,1,1,0,1,0,0,1,0,1,0,1
0,3,1,2,0,1,2,1,1,0,2,3,0,0,1,2,1,0,0,1,1,0,0,0,0,20,0,1,1,1,1,1,0,2,1,1,0,0,0,0,1
0,3,0,0,0,2,0,0,0,0,1,1,3,0,1,3,1,0,0,0,1,1,3,5,0,0,0,1,1,0,1,1,0,1,1,1,1,1,1,1,1
0,1,0,3,0,2,0,1,2,1,0,1,1,0,0,0,0,0,0,0,0,1,3,0,0,0,0,0,0,0,1,1,1,1,0,0,1,0,0,0,1
0,1,1,2,1,2,0,2,0,1,2,2,4,0,1,2,0,0,7,1,1,0,3,0,0,0,1,3,1,0,1,1,1,1,1,1,1,1,1,0,1
0,1,2,1,0,2,0,0,0,1,2,3,4,0,0,2,0,0,7,0,1,0,0,0,0,20,0,3,0,0,1,1,0,2,1,1,0,0,0,0,1
0,2,0,1,0,1,0,0,2,0,1,2,4,0,0,0,0,0,0,0,1,0,0,5,0,0,0,3,1,1,1,1,0,2,1,1,0,0,0,0,1
0,1,0,1,1,2,0,0,1,0,0,2,4,0,1,4,0,0,0,0,1,0,0,0,0,20,1,3,1,1,1,1,0,2,1,1,1,1,1,0,1
1,1,2,1,0,2,0,0,1,1,2,1,0,1,1,3,0,5,0,0,1,0,3,5,0,20,0,1,0,0,1,1,1,1,1,1,1,1,1,1,1
0,3,1,2,0,2,2,0,1,0,2,2,4,0,0,0,0,0,0,0,1,0,3,0,0,0,0,1,1,0,1,1,0,0,1,1,0,0,0,0,1
1,3,2,3,1,2,2,0,0,0,1,2,3,1,1,3,0,0,0,0,1,1,0,0,0,0,1,3,0,1,1,1,1,1,1,0,1,1,1,1,1
0,0,0,3,0,2,1,1,2,1,1,3,4,1,0,0,0,0,0,0,1,1,0,0,0,0,0,1,0,1,1,1,1,1,1,1,1,0,1,1,1
0,0,1,2,0,1,2,0,1,0,1,0,0,0,0,3,0,0,0,1,1,0,3,0,0,0,0,3,1,0,1,1,1,2,1,1,0,0,0,0,1
0,0,2,3,0,1,0,1,0,1,2,1,0,0,1,4,0,0,0,1,1,0,3,0,0,20,1,1,1,0,1,1,0,0,0,0,1,0,1,1,1
0,2,1,2,0,2,2,0,1,0,1,3,4,0,1,2,0,0,0,0,1,1,0,0,0,0,1,2,0,0,1,1,1,2,1,1,0,0,0,0,1
0,1,0,0,1,2,0,1,1,1,0,3,4,0,1,4,0,0,0,0,1,0,0,0,0,20,0,1,0,1,1,1,0,0,1,0,1,0,1,0,1
0,2,0,3,0,2,0,1,0,0,0,0,1,1,1,4,1,0,7,0,1,0,0,0,0,20,0,1,0,1,1,1,0,0,1,0,1,1,0,0,1
0,3,1,3,0,2,0,1,1,1,1,0,3,0,1,2,1,0,7,0,1,1,3,5,0,0,0,2,1,0,1,1,1,2,1,0,0,0,0,0,1
0,2,0,3,0,1,2,1,2,0,2,1,1,0,0,0,0,0,0,0,1,1,0,0,0,0,0,2,1,0,1,1,1,0,1,0,0,0,0,0,1
0,3,0,2,0,1,0,0,1,0,0,1,0,0,0,0,0,0,0,0,1,0,0,0,0,20,0,3,1,1,1,1,1,0,0,0,0,0,0,0,1
0,0,2,3,1,2,0,1,1,1,1,1,3,1,1,2,0,0,7,1,1,0,0,5,0,0,0,3,0,0,1,1,0,1,1,1,1,0,0,0,1
1,0,1,2,0,1,0,0,2,0,2,1,0,0,0,2,0,5,0,0,1,0,0,0,0,20,0,1,1,1,1,1,1,0,1,0,1,0,0,0,1
0,2,1,3,0,2,1,0,0,1,1,3,1,0,0,1,1,0,0,0,1,0,3,0,0,0,0,1,1,0,1,1,1,1,1,1,0,0,0,0,1
0,1,1,2,0,1,2,0,0,1,1,3,0,0,1,4,1,0,0,0,1,0,3,0,0,0,0,3,0,1,1,2,0,1,1,1,0,0,0,0,1
0,1,1,3,0,1,2,0,1,0,1,3,1,0,0,4,1,0,0,0,0,0,3,0,0,0,0,1,0,0,1,2,1,1,0,1,0,0,0,0,1
0,2,1,3,0,2,2,0,1,1,1,3,4,0,1,2,1,0,0,0,1,0,3,5,0,0,0,3,1,0,1,1,1,1,1,1,1,0,0,0,1
0,2,0,2,0,1,2,0,1,0,2,2,4,0,1,2,1,5,7,1,1,0,0,0,0,20,0,3,1,1,1,1,0,2,1,1,0,0,0,0,1
0,3,1,1,0,1,2,0,0,0,0,2,0,0,1,2,0,0,7,0,1,0,0,5,0,0,1,1,1,1,1,1,1,1,1,1,1,0,1,0,1
1,1,2,1,1,1,2,2,0,0,1,3,1,1,1,2,0,0,0,0,1,1,0,5,0,0,0,3,1,1,1,1,1,2,1,1,1,0,0,0,1
1,3,0,0,0,2,0,2,1,1,1,1,3,0,0,0,0,0,7,1,1,0,3,0,0,0,0,1,1,1,1,2,0,1,1,0,1,1,1,0,1
0,3,0,1,0,1,0,2,0,0,0,3,1,0,1,1,0,0,0,0,1,1,0,0,0,0,0,2,0,1,2,1,0,1,1,1,1,0,1,1,1
1,3,0,0,1,1,0,2,0,1,2,1,3,0,1,2,0,0,7,0,1,0,3,0,0,0,1,1,1,0,1,1,0,1,1,1,1,0,1,0,1
1,3,1,3,0,2,2,0,1,0,2,0,2,0,0,0,1,0,0,0,1,0,3,0,0,20,0,1,0,0,1,1,0,2,1,0,0,0,0,0,1
0,3,0,3,0,1,1,0,0,1,0,0,3,0,0,0,0,0,0,0,0,1,3,5,0,0,0,1,1,0,1,1,1,2,0,1,1,0,0,0,1
0,3,0,2,0,2,2,0,0,1,1,2,4,0,0,0,1,0,0,0,1,0,3,0,0,0,0,1,1,0,0,2,0,0,1,1,0,0,0,0,1
0,2,1,2,1,2,2,0,1,1,1,2,3,0,1,3,1,0,7,0,0,0,0,0,0,0,0,0,0,0,1,1,1,2,0,0,0,0,0,0,0
0,3,1,2,0,2,2,0,1,0,1,2,4,0,0,0,1,0,0,0,1,0,0,0,0,20,0,2,1,0,1,2,0,0,0,0,0,0,0,0,1
0,3,0,1,0,2,2,0,2,0,1,2,4,0,0,0,0,0,0,0,0,0,0,0,0,0,0,1,0,0,1,2,0,0,0,0,0,0,0,0,1
0,2,0,2,0,1,2,0,0,1,2,2,4,0,1,1,1,0,7,0,1,0,0,0,0,20,0,3,1,0,1,1,1,1,1,0,0,0,0,0,1
0,3,0,2,1,1,2,0,2,0,0,2,1,0,0,0,1,0,0,0,0,0,0,0,0,0,0,0,1,0,2,2,0,2,0,0,0,0,0,0,0
0,3,0,2,0,2,2,0,0,1,1,2,4,0,0,0,1,0,0,0,1,0,3,0,0,20,0,2,0,0,1,1,0,0,0,0,0,0,0,0,1
0,3,0,3,0,2,2,0,0,0,0,2,4,0,0,0,1,0,0,0,0,0,0,0,0,20,0,2,1,0,1,1,0,0,0,0,0,0,0,0,1
0,3,0,2,0,2,2,0,1,0,1,2,4,0,0,0,0,0,7,0,0,0,0,0,0,20,0,1,1,0,2,2,0,2,1,0,0,0,0,0,1
0,3,2,2,0,1,2,0,2,1,1,2,4,0,0,0,1,0,7,0,1,0,3,0,0,0,0,2,0,0,1,1,0,1,1,1,1,0,0,0,1
0,3,0,2,0,2,2,0,1,0,1,2,4,0,0,0,0,0,0,0,0,0,0,0,0,0,0,0,0,0,0,1,0,0,0,0,0,0,0,0,0
1,3,0,3,0,2,2,0,0,1,1,2,4,0,0,0,1,0,7,0,1,0,0,0,0,20,0,1,1,0,1,1,0,1,0,1,0,0,0,0,1
0,3,0,2,1,2,2,0,0,1,1,2,4,0,0,0,0,0,0,0,0,0,0,0,0,0,0,0,0,0,2,1,0,0,0,0,0,0,0,0,0
0,3,0,2,0,2,2,0,2,1,1,2,4,0,0,0,0,0,0,1,1,0,3,0,0,20,0,1,1,0,1,1,1,0,0,0,0,0,0,0,1
0,3,0,2,0,1,2,0,0,1,1,2,4,0,1,4,0,0,0,0,1,0,3,0,0,20,0,1,0,0,1,1,0,2,0,0,0,0,0,0,1
0,3,1,2,0,2,2,0,0,1,1,2,0,0,1,3,1,0,7,0,1,1,3,5,7,20,0,1,1,1,1,1,0,2,1,1,0,0,0,0,1
1,3,2,3,0,1,2,0,2,0,1,2,4,0,1,2,1,0,7,0,1,0,0,0,0,20,0,1,1,0,1,1,0,2,0,1,0,0,0,0,1
1,3,0,2,0,1,0,0,0,0,0,2,4,0,0,0,1,0,0,0,0,0,0,0,0,0,1,0,0,0,1,1,0,0,0,0,0,0,0,0,0
0,3,0,3,0,2,2,0,2,0,1,2,0,0,1,3,0,0,0,0,1,0,0,0,0,20,0,1,0,0,1,2,0,2,1,0,0,0,0,0,1
0,2,1,2,1,2,2,0,0,1,1,2,4,0,0,0,0,0,0,0,1,0,0,0,0,20,0,1,0,0,1,1,0,0,0,0,0,0,0,0,1
0,3,1,2,1,2,2,0,0,1,1,2,1,0,0,0,1,0,7,0,1,0,3,0,0,20,0,1,1,0,1,1,0,1,0,1,0,0,0,0,1
0,2,0,2,0,1,2,0,0,1,2,2,0,0,0,0,1,0,0,0,1,0,3,0,0,0,0,3,0,0,2,1,0,0,0,0,0,0,0,0,1
0,3,0,2,1,2,2,0,0,1,0,2,4,0,0,0,0,0,7,0,1,0,3,0,0,0,0,1,1,1,1,1,0,2,0,0,1,0,0,0,1
1,3,1,1,1,1,1,0,0,1,2,2,4,0,1,1,0,0,0,0,1,0,3,0,0,20,0,1,1,0,1,1,0,1,1,1,0,0,0,0,1
0,3,0,2,0,1,2,0,0,1,1,2,3,0,1,3,1,0,0,0,1,0,3,0,0,20,0,1,0,0,2,1,1,2,0,0,0,0,0,0,1
0,3,0,2,0,1,2,0,0,0,1,2,0,0,0,0,0,0,7,0,1,0,3,0,0,0,0,1,0,0,1,1,0,1,0,0,0,0,0,0,1
0,3,0,2,0,2,2,0,2,0,1,2,3,0,0,3,0,0,0,0,1,0,0,0,0,20,0,1,1,0,1,1,0,0,0,1,0,0,0,0,1
0,3,0,2,0,2,2,0,0,0,1,2,0,0,0,0,1,0,0,0,1,0,3,0,0,0,0,1,1,0,1,1,0,0,0,0,0,0,0,0,1
0,3,0,1,0,2,2,0,0,0,2,2,4,0,0,0,0,0,0,0,1,0,0,0,0,0,0,0,1,1,1,1,0,2,0,0,0,0,0,0,0
0,3,1,2,0,2,2,0,0,0,0,2,0,0,0,0,0,0,0,0,0,0,0,0,0,0,0,0,0,0,2,1,0,0,0,0,0,0,0,0,0
0,3,0,2,0,2,2,0,0,0,0,2,4,0,1,3,1,0,0,0,0,0,0,0,0,0,0,0,1,0,1,1,1,1,1,0,0,0,0,0,0
0,3,1,2,0,2,2,0,2,0,1,2,4,0,1,3,1,0,7,0,1,0,3,0,0,20,0,2,0,0,2,2,0,0,0,1,0,0,0,0,1
0,3,0,3,0,2,0,0,0,1,1,0,1,0,1,3,0,5,7,1,1,1,3,0,0,20,0,1,0,1,1,2,0,2,0,0,1,0,0,0,1
0,3,0,2,0,2,2,0,0,1,0,2,3,0,1,1,0,0,7,0,0,0,0,0,0,20,0,3,0,0,1,1,0,0,0,0,0,1,0,0,1
0,3,0,2,0,1,2,0,1,0,1,2,2,0,0,0,0,0,0,0,1,0,0,0,0,20,0,2,0,0,1,2,0,2,0,0,0,0,0,0,1
0,3,0,1,0,2,2,0,2,1,2,2,4,0,0,0,1,0,0,1,1,0,3,0,0,20,0,1,0,0,2,1,0,0,0,0,0,0,0,0,1
