,0,1
0,20.107065,10.807328
1,8.193719,14.617475
2,-18.583895,-19.895727
3,23.399162,13.03157
4,8.209311,17.577377
5,-15.395612,-6.5130353
6,-3.0553584,-25.634457
7,20.239126,8.689121
8,23.978899,2.9819868
9,25.286236,7.7623568
10,-14.8681965,-19.2856
11,22.684856,13.465775
12,17.473272,5.692204
13,-3.3265715,-20.479712
14,-2.0903363,-16.483957
15,8.778049,18.588034
16,-3.6237097,-22.547472
17,22.480164,10.201871
18,-11.281465,-22.651615
19,-21.471422,-11.431471
20,-17.031507,-19.69994
21,22.203749,3.3682559
22,24.42392,0.3061285
23,-18.167986,-17.461308
24,-21.91125,-21.211477
25,7.25064,17.456059
26,-7.907519,-23.292154
27,-16.96627,-18.941153
28,6.903936,-17.424162
29,-9.5459795,-23.139822
30,27.810053,13.175349
31,22.070322,1.2125822
32,28.719671,10.759485
33,-4.7243304,22.307543
34,-19.564968,-21.629564
35,-20.2301,-16.317574
36,-14.853823,-2.6487613
37,8.885509,16.06054
38,23.212763,4.744783
39,8.53694,16.628414
40,27.214287,4.6268516
41,27.610575,7.724169
42,25.818346,15.676816
43,5.088712,16.378462
44,-2.2096457,-15.554483
45,-20.451094,-20.535967
46,7.554048,10.316756
47,23.763535,2.5016546
48,-14.95005,-22.358965
49,-23.090597,-21.048069
50,0.16226627,14.798403
51,-0.7136021,-17.30547
52,-20.633278,-19.17494
53,-22.001259,-14.936104
54,6.2141657,24.545197
55,-2.1456757,10.517666
56,5.9333477,10.225393
57,-3.5705154,12.397191
58,-4.4946666,11.64907
59,2.8601508,9.783653
60,3.1148093,10.094797
61,-20.720242,-16.001245
62,-3.5033746,11.4142475
63,4.57556,9.81696
64,3.003327,9.28633
65,7.133544,22.766758
66,5.6862273,9.602875
67,-1.0835953,10.669877
68,1.9230688,9.435781
69,14.2068815,1.1615437
70,7.6884627,4.5473013
71,1.8906157,8.209061
72,9.629717,4.6452312
73,4.2989645,10.894391
74,4.581062,10.70988
75,-4.23749,12.801734
76,4.0874863,15.682068
77,-3.633934,10.656108
78,-12.04949,-2.9048786
79,-2.472931,11.854178
80,29.703672,5.048289
81,28.754843,5.20272
82,5.623978,11.188266
83,2.9131963,14.009957
84,4.1306777,26.798456
85,-2.6969204,10.798438
86,9.577129,4.661471
87,-20.648958,-18.791365
88,-16.201458,-11.64076
89,-23.977581,-22.090645
90,15.591141,-1.0090382
91,3.4551814,7.318275
92,0.5134482,9.485386
93,-21.362543,-15.6524515
94,4.474461,8.983131
95,3.110791,9.195704
96,-4.4068284,12.992318
97,21.389605,-0.6565593
98,6.977841,-17.598558
99,-11.173363,-18.780483
100,-7.593042,-24.22523
101,19.849848,15.02909
102,21.230848,5.8708825
103,16.168148,17.751913
104,16.168135,17.751978
105,-14.793827,-18.302595
106,-3.152169,14.459683
107,26.134092,9.677884
108,-17.636387,-15.743504
109,-4.9129033,11.230595
110,-9.388754,-22.911484
111,-7.0942655,-25.655848
112,-3.040529,15.41711
113,-5.241643,-23.1922
114,-23.914694,-16.526201
115,-17.195396,-21.347195
116,-18.783167,-16.620687
117,-16.722776,-3.1363742
118,-10.456952,-18.553576
119,-1.572862,-17.65621
120,3.1508806,12.382652
121,-23.386238,-18.773716
122,-23.113176,-18.562366
123,28.385347,8.61734
124,-16.059206,-2.3872173
125,-15.901078,-4.50502
126,-19.038155,-2.9056635
127,-19.014559,-2.8881207
128,7.3448772,11.970317
129,-22.669119,-19.157278
130,1.7030164,12.399234
131,2.851565,11.60689
132,26.674047,8.252562
133,-17.039467,-19.78529
134,14.647113,5.9226465
135,-7.970339,-25.746359
136,18.40164,18.538311
137,-1.5171443,12.684458
138,4.723898,11.574948
139,6.46504,4.299512
140,-24.30952,-19.860594
141,-21.534979,-21.047138
142,-25.134981,-20.706686
143,-18.397919,-14.697857
144,-19.057043,-15.658163
145,-15.181432,-1.2363075
146,26.298111,9.182862
147,-24.817064,-24.003056
148,26.519306,-0.0057188827
149,-21.064909,-17.379658
150,-7.2105265,-26.280472
151,9.897411,16.3572
152,1.4774922,11.49677
153,-1.9983264,13.810459
154,27.283869,4.332445
155,-15.951686,-22.474323
156,-22.3669,-18.55452
157,28.708944,7.9395576
158,18.850157,24.596659
159,22.857637,-3.1258607
160,25.143242,0.16104107
161,23.780111,9.937201
162,27.515743,2.0281932
163,6.8093424,13.233489
164,24.895523,7.1233873
165,23.94642,11.99697
166,-23.466967,-19.898668
167,25.484451,14.3314705
168,-14.193316,-17.071245
169,9.936332,-12.151645
170,-20.278605,-23.152826
171,6.457082,-19.44293
172,27.46929,13.172157
173,-20.64107,-22.955585
174,-17.84921,-21.089216
175,18.755577,-0.22838548
176,4.793962,13.682457
177,5.4386277,13.928252
178,7.2485247,15.822682
179,9.92639,21.299137
180,-1.8500665,16.668001
181,17.764395,11.127809
182,-1.5512395,8.400129
183,-12.844731,-8.746304
184,-13.029784,-8.72706
185,20.536497,13.348701
186,14.672892,3.4634004
187,25.352491,8.204458
188,29.367653,11.763616
189,10.5477705,14.917954
190,-1.361331,14.427971
191,-21.047245,-24.981867
192,-21.047672,-24.981749
193,8.193226,12.609416
194,9.132472,13.917809
195,8.113935,12.39246
196,9.644139,17.966442
197,10.432416,-12.415843
198,-19.971796,-21.318045
199,21.459116,11.961351
200,-4.509925,-25.888935
201,21.255032,0.49643806
202,22.46533,3.6614325
203,21.800089,8.081234
204,19.534414,12.479341
205,-16.293743,-16.822454
206,26.257788,5.8605533
207,-17.676044,-24.569668
208,4.36633,15.356787
209,0.7016267,17.2219
210,-5.371528,-26.647507
211,-18.434858,-22.678461
212,-20.661308,-22.253563
213,-21.905804,-22.416504
214,-22.28617,-23.358213
215,20.263554,11.364143
216,22.521425,1.727596
217,-6.4856114,21.531872
218,6.1229224,15.34533
219,5.8043065,15.634744
220,26.894388,6.640132
221,-13.333902,-9.82272
222,-5.668394,-24.782476
223,-12.30919,-12.377966
224,-5.6971602,-27.705961
225,19.792458,5.725906
226,25.475782,13.351283
227,-1.7014922,-17.76551
228,6.931551,18.658646
229,-10.932345,-15.734027
230,-5.6850615,-23.433842
231,-18.947393,-22.47282
232,28.384348,9.689751
233,-3.783789,-20.83078
234,-6.1064534,-24.113094
235,-18.614985,-20.32077
236,6.3899927,16.821066
237,22.85815,6.9868255
238,-11.383423,-7.9215584
239,-23.926609,-24.07286
240,-6.4958196,-22.161877
241,-3.8418531,-24.596949
242,-2.8074682,-23.463457
243,22.14401,10.243069
244,7.4276223,15.130341
245,25.04063,12.895877
246,26.699099,10.651931
247,-11.133351,-5.469486
248,-10.783084,-25.841892
249,-4.497366,-13.933811
250,-4.4977074,-13.933822
251,2.3233066,24.994432
252,-16.06663,-25.945873
253,-14.158201,-14.440542
254,11.268661,8.951901
255,27.363596,9.023964
256,19.318068,2.5294857
257,10.0441675,-0.60831124
258,-7.1701665,-21.948612
259,-13.371798,-13.884624
260,18.72239,12.86508
261,-13.237759,-14.5354
262,-7.432262,-20.609102
263,17.44889,2.727302
264,8.547499,1.0848707
265,-10.32211,-8.107943
266,22.559319,9.423835
267,-14.396936,-20.227013
268,-5.032715,-25.872608
269,13.477665,15.646404
270,16.651379,9.861185
271,-4.489406,-21.282873
272,22.995079,8.866584
273,9.6246805,-11.936052
274,18.67651,1.6527413
275,-9.546087,-20.05323
276,19.200563,4.865462
277,21.348673,-1.0086286
278,6.344834,-16.77152
279,-14.213769,-15.649415
280,17.272245,4.1453176
281,24.645191,15.609446
282,5.5161276,-19.840454
283,-19.585693,-9.0029335
284,-10.000403,-10.903013
285,-10.499233,-25.844622
286,15.029447,-4.1012106
287,-7.3751926,-19.440096
288,-5.1133933,-16.595016
289,4.0222363,23.10923
290,-9.649962,-3.509198
291,-18.305122,-8.12814
292,-13.650659,-24.991905
293,12.861927,-0.21208693
294,-7.5582256,-7.4279876
295,-9.672107,-13.317858
296,-2.8833637,-8.367792
297,-10.247204,-14.029375
298,-11.593363,-15.30591
299,22.523987,11.526016
300,14.260585,-0.6198744
301,-0.5653168,-13.186374
302,8.72522,22.963665
303,-11.524191,-26.960037
304,12.81275,21.625532
305,7.012614,-1.8799456
306,-12.908788,-25.218735
307,22.443003,-2.438592
308,20.878162,15.878497
309,5.7280374,-16.404926
310,-1.9892081,-12.617994
311,-0.3922795,-8.132462
312,-20.209417,-13.434849
313,10.077624,-0.66973484
314,11.161465,6.5738773
315,-2.2864506,-8.284405
316,16.208866,0.6842334
317,10.715223,5.2131057
318,-10.179596,-4.9931593
319,15.68857,13.114937
320,16.906092,2.9320962
321,5.1619186,25.371065
322,18.170872,9.402769
323,13.483043,2.101822
324,-3.0719724,23.393728
325,16.696384,9.1768465
326,1.2553053,22.161795
327,-13.588071,-3.038969
328,-9.168339,-27.7349
329,15.032503,18.252327
330,1.4167856,22.095207
331,3.6275551,23.813
332,-11.335407,-10.355894
333,-5.790734,-19.692163
334,5.0721,22.81891
335,-11.205995,-24.701332
336,18.059246,4.5601997
337,6.4493427,25.949083
338,7.749046,-1.1823534
339,5.520791,7.6329556
340,24.668163,19.358253
341,-6.242693,-6.281593
342,16.857353,23.408028
343,6.9023194,-2.1595402
344,17.786552,22.526094
345,12.947712,3.768768
346,12.625628,3.524924
347,0.23597778,-9.194987
348,19.550203,-2.9709835
349,22.03436,15.738164
350,-8.972792,-7.5929475
351,-19.407742,-13.159647
352,15.663904,2.5108998
353,9.344501,22.900612
354,-3.5252528,-7.306953
355,12.716942,-1.9764893
356,-4.080841,23.313972
357,16.072674,-2.3557684
358,18.009773,10.300763
359,20.801086,0.32670036
360,12.785432,8.042393
361,-12.020372,-10.750222
362,15.909513,-3.2893784
363,8.867842,24.242565
364,14.712731,12.040519
365,-13.52449,-20.096706
366,12.35653,10.99157
367,11.691483,3.7876165
368,8.098135,4.872085
369,17.645864,16.097956
370,14.843121,0.35787642
371,11.250769,12.126419
372,14.061411,22.171295
373,-5.2059484,23.675386
374,16.863855,13.875361
375,21.922525,19.715302
376,23.05906,18.436655
377,11.979826,6.7534275
378,16.739733,11.634158
379,9.327414,0.82109547
380,-9.11907,-5.961099
381,-9.42009,-27.699244
382,-7.0499506,-18.124386
383,-7.119725,-17.977291
384,5.5139623,21.251438
385,-14.751656,-8.862718
386,16.83388,-5.2898083
387,2.2462757,-8.296845
388,-24.616133,-18.021793
389,-10.386007,-11.69771
390,-0.13022068,-10.741976
391,-9.146568,-6.784424
392,-19.624102,-8.9409
393,1.1204189,25.971067
394,-9.1397915,-12.974566
395,-5.847181,-11.629052
396,-8.934485,-11.611541
397,17.618376,2.06706
398,22.031284,13.994001
399,4.031519,25.201773
400,-6.820852,-12.643615
401,-4.1992135,23.946133
402,1.5385914,24.080091
403,-7.0633225,-8.087656
404,-19.881935,-11.70388
405,20.669437,16.29978
406,-4.698287,22.797499
407,-9.504829,-21.591036
408,-6.848818,-10.619302
409,-7.8817744,-10.94206
410,-21.678806,-11.401099
411,7.1450477,0.35398266
412,12.444177,-3.48396
413,-14.048083,-18.132746
414,-8.600923,-9.604036
415,-18.642685,-12.751697
416,14.180112,-0.25809306
417,0.302261,-10.03668
418,-10.12171,-9.660738
419,-4.6768622,8.025137
420,-0.9397347,-11.363711
421,12.16937,7.489743
422,23.68203,15.68677
423,18.266245,10.310265
424,-5.2752094,-9.20389
425,12.528329,-2.8423033
426,18.334892,15.931953
427,17.124174,-1.1439625
428,17.815727,-1.3550385
429,5.194173,22.96351
430,-11.158879,-6.5546107
431,10.57626,0.91308695
432,18.62808,24.262712
433,14.182613,22.228909
434,21.612425,19.706015
435,-5.498473,-14.821677
436,-11.988544,-23.361135
437,-11.086695,-20.924803
438,9.12763,19.218704
439,2.8816512,18.454416
440,8.742471,21.013802
441,-15.83852,-21.060379
442,6.5264435,23.048628
443,-16.19599,-12.231198
444,-14.447803,-16.331385
445,6.19028,-19.472715
446,-14.730874,-14.200175
447,-14.166542,-12.000505
448,6.4938607,-19.25147
449,8.606954,19.812368
450,-16.530178,-15.38213
451,-15.224083,-17.963491
452,1.6656398,18.529045
453,18.998487,4.5283575
454,3.9674575,19.376228
455,-18.334291,-23.697098
456,-0.3520761,-13.98404
457,-15.640103,-16.458235
458,-5.552828,-21.520971
459,-25.207127,-12.141888
460,-12.67259,-17.173132
461,11.262,20.387259
462,-11.866053,-8.157909
463,23.901138,10.756758
464,0.30289906,15.561613
465,-5.131575,-22.19747
466,-12.215477,-15.97127
467,24.792095,10.308818
468,2.6532025,17.755356
469,3.4354339,20.555984
470,20.667439,4.1948957
471,6.9043,24.354284
472,17.930481,13.7596445
473,7.2483845,20.493816
474,24.571486,3.1429617
475,19.230684,14.731663
476,-3.1373649,15.789912
477,-14.2365055,-4.6714168
478,-2.9408584,16.39436
479,-0.41256183,16.419012
480,-15.715927,-2.3044271
481,-13.892472,-5.6245065
482,19.654707,0.55718374
483,10.915829,19.818312
484,16.27451,6.34045
485,-2.76508,12.948965
486,-17.08306,-1.3021702
487,-19.667938,-17.410042
488,4.3879423,13.378338
489,0.15840165,-17.152086
490,-16.730095,-2.0875595
491,-16.185637,-1.25573
492,20.185884,2.452333
493,-17.964302,-1.4045026
494,18.984404,17.503809
495,28.360851,6.7593036
496,-17.46139,-0.68368727
